Date,EIK,EIM,GRND,HAGA,ICEAIR,MARL,N1,NYHR,OSSRu,REGINN,REITIR,SIMINN,SJOVA,SKEL,TM,VIS,VOICE,OMXIPI_Index
2016-01-04 00:00:00,,,,,,,,,,,,,,,,,,1327.74
2016-01-04 18:00:00,8.13,241.5,41.45,45.0,35.95,254.0,52.0,18.35,475.0,19.55,84.0,3.69,12.65,,23.5,8.98,47.65,
2016-01-05 00:00:00,,,,,,,,,,,,,,,,,,1317.74
2016-01-05 18:00:00,8.25,239.5,41.45,45.6,36.35,254.0,51.5,18.6,446.0,20.15,85.65,3.7,12.72,,23.65,8.91,48.4,
2016-01-06 00:00:00,,,,,,,,,,,,,,,,,,1321.71
2016-01-06 18:00:00,8.2,240.0,42.0,45.8,37.1,252.0,51.5,18.3,446.0,20.05,85.6,3.7,12.65,,23.6,8.94,48.5,
2016-01-07 00:00:00,,,,,,,,,,,,,,,,,,1310.32
2016-01-07 18:00:00,8.22,239.5,41.5,46.1,36.65,246.5,50.8,18.2,444.0,20.225,85.7,3.66,12.57,,23.3,8.78,48.4,
2016-01-08 00:00:00,,,,,,,,,,,,,,,,,,1310.04
2016-01-08 18:00:00,8.33,239.0,41.75,46.3,36.75,244.0,50.3,18.6,444.0,20.45,85.8,3.66,12.42,,23.1,8.88,48.15,
2016-01-11 00:00:00,,,,,,,,,,,,,,,,,,1284.83
2016-01-11 18:00:00,8.33,236.0,41.15,46.1,35.8,239.0,50.0,18.6,430.0,20.45,84.4,3.59,12.25,,22.65,8.69,47.75,
2016-01-12 00:00:00,,,,,,,,,,,,,,,,,,1286.83
2016-01-12 18:00:00,8.3,239.5,41.35,47.1,35.8,239.0,49.95,18.15,430.5,20.4,85.1,3.59,12.13,,22.15,8.55,47.3,
2016-01-13 00:00:00,,,,,,,,,,,,,,,,,,1286.07
2016-01-13 18:00:00,8.38,238.0,41.35,47.75,35.35,235.0,50.0,18.0,440.0,20.7,84.3,3.56,12.15,,22.35,8.53,47.4,
2016-01-14 00:00:00,,,,,,,,,,,,,,,,,,1244.76
2016-01-14 18:00:00,8.25,231.0,40.4,46.15,33.9,225.5,48.8,17.5,426.0,20.45,83.3,3.44,11.7,,21.55,8.32,46.2,
2016-01-15 00:00:00,,,,,,,,,,,,,,,,,,1221.59
2016-01-15 18:00:00,8.1,225.5,39.7,45.7,32.65,220.0,47.4,17.2,426.0,20.0,81.8,3.35,11.5,,21.3,8.2,45.35,
2016-01-18 00:00:00,,,,,,,,,,,,,,,,,,1228.77
2016-01-18 18:00:00,7.99,225.5,39.65,45.225,32.7,223.5,46.7,16.6,440.0,19.75,80.5,3.34,11.31,,21.0,8.29,44.8,
2016-01-19 00:00:00,,,,,,,,,,,,,,,,,,1262.21
2016-01-19 18:00:00,8.2,231.0,39.9,45.95,33.9,233.0,48.1,16.9,450.0,20.35,82.6,3.45,11.47,,21.2,8.53,45.9,
2016-01-20 00:00:00,,,,,,,,,,,,,,,,,,1230.69
2016-01-20 18:00:00,8.13,226.5,38.95,45.05,33.3,224.0,46.9,16.8,430.0,20.1,82.2,3.41,11.47,,20.9,8.4,45.675,
2016-01-21 00:00:00,,,,,,,,,,,,,,,,,,1244.68
2016-01-21 18:00:00,8.37,229.0,38.95,45.6,33.95,228.0,47.2,17.0,430.5,20.3,83.0,3.52,11.5,,21.05,8.45,46.0,
2016-01-22 00:00:00,,,,,,,,,,,,,,,,,,1292.05
2016-01-22 18:00:00,8.57,234.5,39.2,46.15,34.8,235.0,47.8,17.1,480.0,20.6,83.6,3.55,11.69,,21.4,8.6,46.5,
2016-01-25 00:00:00,,,,,,,,,,,,,,,,,,1263.95
2016-01-25 18:00:00,8.48,235.0,37.75,46.1,34.55,235.0,47.35,17.1,440.5,20.7,83.5,3.55,11.7,,21.45,8.56,46.5,
2016-01-26 00:00:00,,,,,,,,,,,,,,,,,,1266.45
2016-01-26 18:00:00,8.43,236.0,37.75,45.8,34.8,236.5,46.8,17.1,440.5,20.65,83.1,3.58,11.75,,21.2,8.66,46.7,
2016-01-27 00:00:00,,,,,,,,,,,,,,,,,,1263.13
2016-01-27 18:00:00,8.5,236.0,38.35,46.25,34.45,232.5,46.35,17.1,440.5,20.9,83.1,3.6,11.61,,21.2,8.7,46.55,
2016-01-28 00:00:00,,,,,,,,,,,,,,,,,,1261.29
2016-01-28 18:00:00,8.48,233.0,38.0,46.15,34.25,231.0,46.45,17.1,445.0,20.85,83.6,3.555,11.61,,21.4,8.66,46.85,
2016-01-29 00:00:00,,,,,,,,,,,,,,,,,,1257.76
2016-01-29 18:00:00,8.54,232.0,38.45,46.15,34.35,235.5,46.9,17.0,430.0,20.65,82.6,3.58,11.62,,21.5,8.68,46.6,
2016-02-01 00:00:00,,,,,,,,,,,,,,,,,,1265.8
2016-02-01 18:00:00,8.6,230.0,37.9,45.8,34.7,237.0,47.6,17.0,441.0,20.65,82.6,3.58,11.5,,21.6,8.68,46.5,
2016-02-02 00:00:00,,,,,,,,,,,,,,,,,,1271.34
2016-02-02 18:00:00,8.62,233.0,38.0,45.5,34.95,234.5,48.9,17.0,450.0,20.6,82.3,3.56,11.57,,21.85,8.74,46.4,
2016-02-03 00:00:00,,,,,,,,,,,,,,,,,,1259.59
2016-02-03 18:00:00,8.62,235.5,38.4,45.8,34.6,236.5,48.65,17.0,427.0,20.6,82.3,3.57,11.54,,21.8,8.68,46.275,
2016-02-04 00:00:00,,,,,,,,,,,,,,,,,,1253.85
2016-02-04 18:00:00,8.51,231.0,38.3,45.8,34.6,230.0,49.8,16.75,430.5,20.5,82.5,3.55,11.5,,21.7,8.77,46.275,
2016-02-05 00:00:00,,,,,,,,,,,,,,,,,,1247.21
2016-02-05 18:00:00,8.47,231.5,38.4,45.3,34.2,229.5,51.4,16.75,424.0,20.4,83.0,3.56,11.48,,21.65,8.73,45.75,
2016-02-08 00:00:00,,,,,,,,,,,,,,,,,,1230.24
2016-02-08 18:00:00,8.37,229.0,37.9,44.4,32.9,228.5,51.2,16.15,424.0,20.35,81.1,3.5,11.25,,21.45,8.65,45.6,
2016-02-09 00:00:00,,,,,,,,,,,,,,,,,,1244.51
2016-02-09 18:00:00,8.35,230.0,37.7,44.6,35.15,229.0,51.7,16.15,423.0,20.35,80.4,3.49,11.3,,21.7,8.67,45.65,
2016-02-10 00:00:00,,,,,,,,,,,,,,,,,,1247.47
2016-02-10 18:00:00,8.4,233.5,37.6,44.5,35.7,230.0,52.75,16.0,420.0,19.95,80.0,3.49,11.25,,22.0,8.72,45.45,
2016-02-11 00:00:00,,,,,,,,,,,,,,,,,,1237.09
2016-02-11 18:00:00,8.24,228.5,37.45,43.75,35.15,226.5,52.8,15.2,420.0,19.8,79.9,3.5,11.4,,22.25,8.73,45.3,
2016-02-12 00:00:00,,,,,,,,,,,,,,,,,,1238.63
2016-02-12 18:00:00,8.19,232.0,37.45,44.0,34.85,224.5,53.15,15.2,420.0,19.8,82.5,3.51,11.75,,23.0,8.77,45.4,
2016-02-15 00:00:00,,,,,,,,,,,,,,,,,,1231.85
2016-02-15 18:00:00,8.15,230.0,37.45,43.95,34.45,226.5,54.0,15.25,412.0,19.8,81.6,3.5,11.7,,22.9,8.76,45.7,
2016-02-16 00:00:00,,,,,,,,,,,,,,,,,,1235.83
2016-02-16 18:00:00,8.22,228.5,37.05,43.8,34.55,226.0,54.2,15.25,420.0,19.8,81.8,3.55,11.56,,22.75,8.74,45.7,
2016-02-17 00:00:00,,,,,,,,,,,,,,,,,,1260.83
2016-02-17 18:00:00,8.1,229.0,37.3,44.35,35.025,230.0,53.9,15.25,448.0,19.65,82.8,3.56,11.69,,22.8,8.77,45.8,
2016-02-18 00:00:00,,,,,,,,,,,,,,,,,,1252.05
2016-02-18 18:00:00,8.03,229.5,37.3,44.4,34.9,227.5,54.6,15.35,440.0,19.65,83.8,3.43,11.69,,22.7,8.7,44.85,
2016-02-19 00:00:00,,,,,,,,,,,,,,,,,,1260.0
2016-02-19 18:00:00,7.94,229.5,37.0,44.0,35.05,229.5,54.6,15.35,454.0,19.55,83.7,3.41,11.59,,22.5,8.59,45.0,
2016-02-22 00:00:00,,,,,,,,,,,,,,,,,,1265.31
2016-02-22 18:00:00,8.03,233.0,37.0,44.8,35.3,233.0,55.8,15.35,450.0,19.6,84.2,3.33,11.7,,22.525,8.58,44.8,
2016-02-23 00:00:00,,,,,,,,,,,,,,,,,,1278.09
2016-02-23 18:00:00,8.15,235.0,37.45,45.35,35.9,236.5,57.4,15.25,450.0,20.0,83.7,3.32,12.15,,22.75,8.7,45.85,
2016-02-24 00:00:00,,,,,,,,,,,,,,,,,,1262.76
2016-02-24 18:00:00,8.05,236.0,37.15,45.45,35.55,235.5,57.5,15.425,430.5,19.95,84.05,3.32,12.1,,22.75,8.57,45.5,
2016-02-25 00:00:00,,,,,,,,,,,,,,,,,,1289.21
2016-02-25 18:00:00,8.14,238.0,37.8,46.15,36.05,243.0,58.6,15.6,445.0,20.125,84.6,3.26,12.43,,23.1,9.36,46.05,
2016-02-26 00:00:00,,,,,,,,,,,,,,,,,,1292.12
2016-02-26 18:00:00,8.3,234.0,38.5,46.45,36.95,245.5,58.4,16.05,430.0,20.35,84.5,3.3,12.55,,23.0,9.4,47.0,
2016-02-29 00:00:00,,,,,,,,,,,,,,,,,,1293.6
2016-02-29 18:00:00,8.25,232.0,38.275,46.9,37.0,246.0,59.1,16.0,430.0,20.55,84.75,3.28,12.85,,22.85,9.5,46.75,
2016-03-01 00:00:00,,,,,,,,,,,,,,,,,,1312.77
2016-03-01 18:00:00,8.46,231.0,38.0,47.6,37.3,247.0,58.5,16.0,455.0,20.75,85.5,3.3,12.67,,22.85,9.58,46.7,
2016-03-02 00:00:00,,,,,,,,,,,,,,,,,,1314.29
2016-03-02 18:00:00,8.52,231.0,38.45,48.0,37.2,246.0,59.3,17.0,455.0,20.95,85.1,3.27,12.98,,23.0,9.5,47.0,
2016-03-03 00:00:00,,,,,,,,,,,,,,,,,,1310.79
2016-03-03 18:00:00,8.4,230.0,38.475,48.0,37.375,243.0,59.3,17.3,455.0,20.9,84.6,3.26,12.95,,23.15,9.33,46.65,
2016-03-04 00:00:00,,,,,,,,,,,,,,,,,,1313.78
2016-03-04 18:00:00,8.39,231.0,38.475,48.2,37.3,245.0,58.7,17.3,455.0,20.9,85.2,3.22,13.09,,23.85,9.33,47.1,
2016-03-07 00:00:00,,,,,,,,,,,,,,,,,,1314.73
2016-03-07 18:00:00,8.57,231.0,38.5,48.25,37.5,244.5,59.0,16.9,455.0,21.1,84.8,3.17,13.0,,23.7,9.48,46.7,
2016-03-08 00:00:00,,,,,,,,,,,,,,,,,,1307.81
2016-03-08 18:00:00,8.46,229.5,38.3,47.85,37.65,240.0,59.5,17.3,455.0,20.9,84.8,3.15,12.83,,23.5,9.22,46.1,
2016-03-09 00:00:00,,,,,,,,,,,,,,,,,,1311.38
2016-03-09 18:00:00,8.52,231.0,38.75,47.95,37.65,242.0,60.0,17.3,455.0,20.85,84.95,3.11,12.86,,23.35,9.33,45.875,
2016-03-10 00:00:00,,,,,,,,,,,,,,,,,,1318.8
2016-03-10 18:00:00,8.52,233.0,38.75,48.7,37.9,244.5,62.4,17.3,459.0,21.15,85.2,3.11,12.36,,23.2,8.98,45.875,
2016-03-11 00:00:00,,,,,,,,,,,,,,,,,,1315.27
2016-03-11 18:00:00,8.5,234.0,38.6,48.85,37.35,243.0,63.0,17.3,459.0,21.0,84.8,3.16,12.64,,23.0,9.18,46.2,
2016-03-14 00:00:00,,,,,,,,,,,,,,,,,,1309.1
2016-03-14 18:00:00,8.54,238.5,38.6,49.0,37.7,245.5,63.1,17.3,438.5,21.2,84.2,3.22,12.21,,23.0,9.14,45.9,
2016-03-15 00:00:00,,,,,,,,,,,,,,,,,,1324.99
2016-03-15 18:00:00,8.52,237.5,39.05,49.5,38.35,243.0,65.0,17.3,457.0,21.5,84.2,3.25,12.3,,23.3,9.07,45.85,
2016-03-16 00:00:00,,,,,,,,,,,,,,,,,,1309.15
2016-03-16 18:00:00,8.46,237.5,38.6,48.9,37.75,240.0,65.6,17.3,442.0,21.45,85.0,3.27,12.6,,23.05,9.15,45.45,
2016-03-17 00:00:00,,,,,,,,,,,,,,,,,,1303.23
2016-03-17 18:00:00,8.45,237.25,39.05,48.4,37.75,241.0,62.0,17.3,440.5,21.4,84.0,3.24,12.55,,23.05,8.16,45.4,
2016-03-18 00:00:00,,,,,,,,,,,,,,,,,,1304.31
2016-03-18 18:00:00,8.53,232.0,39.05,49.2,37.95,243.0,62.0,17.3,440.5,21.6,84.0,3.145,12.72,,21.3,8.08,45.5,
2016-03-21 00:00:00,,,,,,,,,,,,,,,,,,1301.38
2016-03-21 18:00:00,8.54,231.5,38.825,49.1,37.75,242.5,62.3,16.9,441.0,21.45,83.5,3.19,12.72,,21.3,7.97,45.45,
2016-03-22 00:00:00,,,,,,,,,,,,,,,,,,1299.56
2016-03-22 18:00:00,8.52,234.5,39.0,48.65,37.2,242.5,62.3,16.9,441.0,22.0,83.3,3.17,12.93,,21.6,7.99,45.4,
2016-03-23 00:00:00,,,,,,,,,,,,,,,,,,1299.03
2016-03-23 18:00:00,8.61,233.75,39.0,48.8,37.1,241.0,61.5,16.9,441.0,22.4,84.05,3.18,12.95,,21.6,7.99,45.1,
2016-03-29 00:00:00,,,,,,,,,,,,,,,,,,1311.29
2016-03-29 18:00:00,8.58,234.5,38.9,48.3,37.0,239.0,61.1,16.9,470.0,22.225,84.4,3.17,12.9,,21.4,8.01,44.6,
2016-03-30 00:00:00,,,,,,,,,,,,,,,,,,1320.38
2016-03-30 18:00:00,8.67,236.75,38.9,48.6,37.5,241.5,62.15,16.85,470.0,22.5,84.45,3.19,13.02,,21.475,8.08,45.25,
2016-03-31 00:00:00,,,,,,,,,,,,,,,,,,1321.26
2016-03-31 18:00:00,8.63,238.0,38.6,48.625,37.55,242.0,62.4,17.15,470.0,22.45,85.2,3.17,12.84,,21.45,8.23,45.0,
2016-04-01 00:00:00,,,,,,,,,,,,,,,,,,1309.67
2016-04-01 18:00:00,8.6,238.0,38.6,48.575,37.7,241.0,62.6,17.2,446.0,22.75,85.9,3.17,12.8,,21.45,8.535,45.0,
2016-04-04 00:00:00,,,,,,,,,,,,,,,,,,1307.98
2016-04-04 18:00:00,8.65,238.0,37.2,48.55,37.45,239.25,65.0,16.8,450.0,22.725,87.0,3.165,12.8,,21.55,8.61,45.55,
2016-04-05 00:00:00,,,,,,,,,,,,,,,,,,1308.0
2016-04-05 18:00:00,8.6,236.5,36.3,48.4,37.2,233.5,64.3,17.5,470.0,22.65,87.0,3.13,12.72,,21.2,8.48,45.55,
2016-04-06 00:00:00,,,,,,,,,,,,,,,,,,1314.57
2016-04-06 18:00:00,8.5,234.5,36.8,48.2,37.2,235.0,64.9,17.5,484.0,22.25,86.1,3.08,12.72,,20.9,8.34,45.3,
2016-04-07 00:00:00,,,,,,,,,,,,,,,,,,1331.23
2016-04-07 18:00:00,8.6,237.5,36.55,48.7,37.3,237.5,65.0,17.5,500.0,22.6,87.0,3.12,12.875,,21.3,8.45,45.2,
2016-04-08 00:00:00,,,,,,,,,,,,,,,,,,1335.85
2016-04-08 18:00:00,8.64,236.0,36.75,48.25,37.8,239.5,64.9,17.25,500.0,22.525,87.3,3.12,12.8,,21.25,8.5,45.3,
2016-04-11 00:00:00,,,,,,,,,,,,,,,,,,1330.58
2016-04-11 18:00:00,8.565,239.0,36.525,48.5,37.625,238.25,65.5,17.25,495.0,22.4,87.05,3.09,12.8,,21.375,8.5,45.45,
2016-04-12 00:00:00,,,,,,,,,,,,,,,,,,1333.04
2016-04-12 18:00:00,8.64,240.0,36.4,48.05,37.8,240.0,66.0,16.85,495.0,22.85,86.6,3.08,12.8,,21.4,8.45,45.15,
2016-04-13 00:00:00,,,,,,,,,,,,,,,,,,1343.15
2016-04-13 18:00:00,8.575,244.5,36.45,48.4,38.0,243.0,66.7,16.9,500.0,22.8,87.45,3.09,12.9,,21.55,8.52,45.05,
2016-04-14 00:00:00,,,,,,,,,,,,,,,,,,1344.62
2016-04-14 18:00:00,8.58,245.0,36.45,48.4,38.2,242.5,66.2,16.9,500.0,22.7,87.8,3.13,12.9,,21.75,8.52,44.95,
2016-04-15 00:00:00,,,,,,,,,,,,,,,,,,1329.59
2016-04-15 18:00:00,8.585,245.5,36.45,49.1,38.4,241.5,66.75,16.9,470.0,22.75,87.85,3.14,12.97,,21.85,8.45,44.9,
2016-04-18 00:00:00,,,,,,,,,,,,,,,,,,1341.71
2016-04-18 18:00:00,8.64,247.0,36.8,49.0,38.2,241.75,67.1,16.6,490.0,22.75,88.3,3.14,12.97,,21.95,8.44,44.9,
2016-04-19 00:00:00,,,,,,,,,,,,,,,,,,1340.47
2016-04-19 18:00:00,8.65,244.5,36.625,49.35,38.1,242.0,67.5,16.4,490.0,22.75,88.15,3.13,12.875,,21.95,8.44,44.92,
2016-04-20 00:00:00,,,,,,,,,,,,,,,,,,1337.3
2016-04-20 18:00:00,8.73,244.5,36.75,49.1,37.95,242.5,67.7,16.5,485.0,22.6,88.5,3.14,12.78,,22.0,8.3,45.2,
2016-04-22 00:00:00,,,,,,,,,,,,,,,,,,1337.44
2016-04-22 18:00:00,8.73,246.0,36.7,49.1,38.1,242.5,67.7,16.5,485.0,22.6,87.9,3.13,12.65,,21.85,8.3,45.2,
2016-04-25 00:00:00,,,,,,,,,,,,,,,,,,1334.63
2016-04-25 18:00:00,8.69,243.5,36.4,48.6,38.15,241.5,67.3,16.95,485.0,22.6,87.9,3.13,12.7,,21.85,8.285,45.2,
2016-04-26 00:00:00,,,,,,,,,,,,,,,,,,1341.83
2016-04-26 18:00:00,8.68,243.5,36.4,48.55,38.3,251.5,67.4,17.15,480.0,22.8,87.8,3.12,12.63,,21.8,8.19,44.8,
2016-04-27 00:00:00,,,,,,,,,,,,,,,,,,1353.41
2016-04-27 18:00:00,8.74,244.0,36.7,49.1,38.5,261.0,68.2,17.25,480.0,22.8,87.7,3.06,12.71,,21.8,8.18,44.0,
2016-04-28 00:00:00,,,,,,,,,,,,,,,,,,1354.62
2016-04-28 18:00:00,8.74,242.5,36.7,48.7,38.9,262.0,68.9,16.5,480.0,22.7,87.7,3.01,12.71,,21.75,8.12,43.55,
2016-04-29 00:00:00,,,,,,,,,,,,,,,,,,1319.12
2016-04-29 18:00:00,8.57,237.5,35.6,48.0,36.0,256.0,68.2,16.15,480.0,22.25,86.5,2.9,12.5,,21.4,8.03,42.2,
2016-05-02 00:00:00,,,,,,,,,,,,,,,,,,1292.75
2016-05-02 18:00:00,8.39,235.0,35.0,47.1,34.75,248.0,66.4,16.15,477.0,21.8,85.0,2.9,12.18,,20.85,7.86,42.2,
2016-05-03 00:00:00,,,,,,,,,,,,,,,,,,1306.54
2016-05-03 18:00:00,8.6,236.0,35.55,48.0,35.45,251.5,69.0,16.15,470.0,22.35,86.5,2.97,12.43,,21.15,8.0,43.1,
2016-05-04 00:00:00,,,,,,,,,,,,,,,,,,1297.04
2016-05-04 18:00:00,8.64,238.5,34.65,48.8,35.85,250.0,68.3,16.1,451.0,22.5,86.6,3.0,12.31,,21.3,7.98,43.1,
2016-05-06 00:00:00,,,,,,,,,,,,,,,,,,1310.72
2016-05-06 18:00:00,8.7,240.0,35.2,48.4,36.4,256.0,68.2,16.4,451.0,22.8,87.6,3.08,12.48,,21.5,8.0,42.7,
2016-05-09 00:00:00,,,,,,,,,,,,,,,,,,1319.15
2016-05-09 18:00:00,8.67,240.5,35.0,48.65,36.3,257.5,67.9,16.5,465.0,22.8,86.8,3.13,12.44,,21.35,7.97,43.55,
2016-05-10 00:00:00,,,,,,,,,,,,,,,,,,1324.72
2016-05-10 18:00:00,8.78,239.5,35.9,48.55,35.6,262.0,68.2,17.0,470.0,22.75,87.0,3.14,12.44,,21.4,7.97,43.8,
2016-05-11 00:00:00,,,,,,,,,,,,,,,,,,1314.88
2016-05-11 18:00:00,8.8,240.0,35.8,49.15,34.95,257.5,68.5,17.0,465.0,22.7,88.0,3.13,12.45,,21.15,7.94,43.7,
2016-05-12 00:00:00,,,,,,,,,,,,,,,,,,1316.99
2016-05-12 18:00:00,8.77,241.5,36.3,48.8,34.9,259.0,68.0,16.95,465.0,22.8,87.8,3.12,12.44,,21.275,8.0,44.3,
2016-05-13 00:00:00,,,,,,,,,,,,,,,,,,1309.51
2016-05-13 18:00:00,8.77,246.0,35.8,49.0,34.65,259.0,67.95,16.95,457.0,22.8,86.9,3.08,12.5,,21.2,8.0,43.7,
2016-05-17 00:00:00,,,,,,,,,,,,,,,,,,1296.08
2016-05-17 18:00:00,8.73,244.0,35.8,48.2,33.7,254.0,67.7,16.6,460.0,22.4,86.8,3.06,12.3,,20.7,7.985,43.65,
2016-05-18 00:00:00,,,,,,,,,,,,,,,,,,1301.57
2016-05-18 18:00:00,8.71,242.0,36.0,48.4,33.3,250.5,68.0,16.6,481.0,22.4,86.8,3.04,12.02,,20.65,7.97,43.65,
2016-05-19 00:00:00,,,,,,,,,,,,,,,,,,1278.23
2016-05-19 18:00:00,8.62,238.0,35.4,47.35,32.95,248.0,66.7,16.6,460.0,22.375,85.8,3.02,12.0,,20.5,7.95,43.1,
2016-05-20 00:00:00,,,,,,,,,,,,,,,,,,1276.9
2016-05-20 18:00:00,8.575,237.5,35.8,47.35,32.55,246.0,66.9,16.6,470.0,22.05,83.9,3.02,11.87,,20.25,7.9,42.65,
2016-05-23 00:00:00,,,,,,,,,,,,,,,,,,1281.56
2016-05-23 18:00:00,8.68,238.5,35.4,47.8,33.0,247.5,66.9,16.3,470.0,22.1,82.4,3.09,11.95,,20.45,7.93,42.85,
2016-05-24 00:00:00,,,,,,,,,,,,,,,,,,1289.46
2016-05-24 18:00:00,8.75,238.5,35.4,48.4,33.4,250.0,67.0,16.7,470.0,21.95,83.1,3.14,12.0,,20.4,7.98,43.6,
2016-05-25 00:00:00,,,,,,,,,,,,,,,,,,1287.29
2016-05-25 18:00:00,8.75,241.75,35.4,48.0,32.75,250.0,67.5,16.7,470.0,22.2,84.0,3.16,12.0,,20.35,8.0,43.45,
2016-05-26 00:00:00,,,,,,,,,,,,,,,,,,1277.79
2016-05-26 18:00:00,8.77,240.5,34.825,48.35,32.7,249.5,67.5,16.7,457.5,22.0,84.4,3.14,11.96,,20.35,7.95,43.4,
2016-05-27 00:00:00,,,,,,,,,,,,,,,,,,1283.84
2016-05-27 18:00:00,8.79,262.75,34.1,48.35,32.75,251.0,67.0,16.9,457.5,22.1,84.1,3.13,11.97,,20.45,7.92,44.9,
2016-05-30 00:00:00,,,,,,,,,,,,,,,,,,1292.68
2016-05-30 18:00:00,8.78,271.5,34.5,48.1,33.2,252.0,67.3,17.1,460.0,22.3,84.1,3.11,12.03,,20.75,7.93,44.9,
2016-05-31 00:00:00,,,,,,,,,,,,,,,,,,1295.25
2016-05-31 18:00:00,8.8,274.0,34.35,48.0,33.2,254.5,67.2,17.3,460.0,22.65,83.9,3.08,12.03,,20.65,7.93,44.55,
2016-06-01 00:00:00,,,,,,,,,,,,,,,,,,1292.56
2016-06-01 18:00:00,8.8,274.0,34.45,48.5,32.6,254.5,68.1,17.3,460.0,22.5,83.8,3.08,12.02,,20.75,7.93,44.9,
2016-06-02 00:00:00,,,,,,,,,,,,,,,,,,1290.02
2016-06-02 18:00:00,8.74,272.5,33.95,48.1,32.35,256.0,68.5,17.125,460.0,22.45,83.8,3.1,12.03,,20.75,7.92,44.4,
2016-06-03 00:00:00,,,,,,,,,,,,,,,,,,1287.89
2016-06-03 18:00:00,8.6,270.0,33.4,47.5,31.9,253.5,68.5,17.25,475.0,22.2,84.0,3.01,12.02,,20.45,7.85,43.95,
2016-06-06 00:00:00,,,,,,,,,,,,,,,,,,1262.38
2016-06-06 18:00:00,8.75,268.0,32.5,45.65,31.05,248.0,66.9,16.8,460.0,22.5,85.2,2.98,11.73,,19.95,7.66,43.25,
2016-06-07 00:00:00,,,,,,,,,,,,,,,,,,1270.56
2016-06-07 18:00:00,8.755,271.0,32.2,45.0,31.8,250.5,67.5,17.1,460.0,22.5,85.2,3.01,11.82,,20.3,7.8,43.65,
2016-06-08 00:00:00,,,,,,,,,,,,,,,,,,1255.05
2016-06-08 18:00:00,8.69,270.0,32.25,44.05,30.85,250.0,67.8,16.8,450.0,22.2,85.1,3.01,11.77,,19.9,7.75,43.65,
2016-06-09 00:00:00,,,,,,,,,,,,,,,,,,1255.12
2016-06-09 18:00:00,8.69,270.0,32.25,43.9,31.0,252.0,68.7,17.25,445.0,22.25,85.05,2.98,11.65,,20.0,7.8,43.65,
2016-06-10 00:00:00,,,,,,,,,,,,,,,,,,1261.94
2016-06-10 18:00:00,8.65,269.0,32.25,44.55,31.3,254.5,70.0,17.25,450.0,22.15,84.6,2.98,11.48,,19.6,7.77,43.55,
2016-06-13 00:00:00,,,,,,,,,,,,,,,,,,1256.34
2016-06-13 18:00:00,8.65,269.0,32.25,44.1,31.0,254.0,69.0,17.25,448.0,22.15,83.8,2.98,11.4,,19.85,7.7,43.55,
2016-06-14 00:00:00,,,,,,,,,,,,,,,,,,1256.9
2016-06-14 18:00:00,8.69,269.0,32.0,44.65,31.1,254.5,69.0,17.25,445.0,22.2,83.7,2.99,11.4,,20.1,7.79,43.95,
2016-06-15 00:00:00,,,,,,,,,,,,,,,,,,1265.86
2016-06-15 18:00:00,8.77,269.0,32.0,45.5,31.75,256.75,70.0,16.9,445.0,22.2,84.7,2.99,11.4,,20.0,7.76,43.95,
2016-06-16 00:00:00,,,,,,,,,,,,,,,,,,1270.64
2016-06-16 18:00:00,8.77,269.0,32.0,47.0,32.3,255.5,70.0,16.9,445.0,22.2,84.7,2.99,11.4,,20.0,7.8,43.95,
2016-06-20 00:00:00,,,,,,,,,,,,,,,,,,1279.64
2016-06-20 18:00:00,8.77,270.0,31.55,47.0,32.65,262.0,70.15,16.85,445.0,22.45,84.3,3.0,11.59,,20.3,7.91,44.3,
2016-06-21 00:00:00,,,,,,,,,,,,,,,,,,1291.75
2016-06-21 18:00:00,8.88,272.0,31.55,48.0,32.85,268.5,70.7,16.85,445.0,22.85,85.0,3.0,11.72,,20.4,7.9,44.75,
2016-06-22 00:00:00,,,,,,,,,,,,,,,,,,1291.75
2016-06-22 18:00:00,8.8,273.0,31.3,47.65,32.6,265.0,70.0,16.85,445.0,22.35,84.1,3.0,11.735,,20.2,7.88,44.75,
2016-06-23 00:00:00,,,,,,,,,,,,,,,,,,1289.75
2016-06-23 18:00:00,8.88,273.0,31.3,47.65,33.0,268.5,70.4,16.85,445.0,22.25,84.1,3.0,11.8,,20.4,7.9,44.75,
2016-06-24 00:00:00,,,,,,,,,,,,,,,,,,1241.14
2016-06-24 18:00:00,8.77,266.0,30.1,46.7,31.0,254.0,69.5,16.85,425.0,21.9,83.2,2.96,11.66,,19.8,7.76,43.9,
2016-06-27 00:00:00,,,,,,,,,,,,,,,,,,1213.4
2016-06-27 18:00:00,8.56,259.0,29.8,45.0,29.85,246.0,67.5,16.7,425.0,21.2,81.2,2.91,11.45,,19.55,7.49,43.1,
2016-06-28 00:00:00,,,,,,,,,,,,,,,,,,1235.28
2016-06-28 18:00:00,8.6,263.5,29.7,46.3,31.0,254.0,68.0,17.05,425.0,21.7,82.4,2.97,11.45,,19.7,7.6,43.3,
2016-06-29 00:00:00,,,,,,,,,,,,,,,,,,1238.71
2016-06-29 18:00:00,8.7,265.0,29.65,46.95,31.0,255.0,68.0,17.05,425.0,21.75,82.1,2.99,11.545,,19.875,7.735,43.5,
2016-06-30 00:00:00,,,,,,,,,,,,,,,,,,1244.6
2016-06-30 18:00:00,8.7,265.5,29.6,47.7,31.25,259.0,69.3,17.1,420.0,21.95,82.8,3.02,11.55,,19.875,7.72,44.2,
2016-07-01 00:00:00,,,,,,,,,,,,,,,,,,1242.05
2016-07-01 18:00:00,8.74,268.5,29.55,47.8,31.35,260.0,70.5,17.35,410.0,21.95,82.5,3.04,11.55,,20.0,7.68,44.2,
2016-07-04 00:00:00,,,,,,,,,,,,,,,,,,1233.04
2016-07-04 18:00:00,8.65,268.5,29.55,47.0,31.0,255.5,70.5,17.35,410.0,21.95,82.3,3.01,11.48,,19.8,7.68,44.2,
2016-07-05 00:00:00,,,,,,,,,,,,,,,,,,1234.86
2016-07-05 18:00:00,8.7,268.5,29.5,46.9,31.3,254.0,70.0,17.35,410.0,22.4,82.9,3.01,11.49,,20.0,7.68,44.0,
2016-07-06 00:00:00,,,,,,,,,,,,,,,,,,1248.13
2016-07-06 18:00:00,8.66,271.0,29.05,46.75,30.6,251.0,70.2,17.1,450.0,22.3,82.6,3.0,11.45,,19.8,7.6,43.5,
2016-07-07 00:00:00,,,,,,,,,,,,,,,,,,1250.42
2016-07-07 18:00:00,8.7,270.0,29.0,46.7,30.75,252.5,70.2,17.1,450.0,22.25,82.9,2.99,11.5,,19.8,7.6,43.5,
2016-07-08 00:00:00,,,,,,,,,,,,,,,,,,1251.47
2016-07-08 18:00:00,8.66,270.0,29.0,46.7,31.1,250.5,70.4,17.1,450.0,22.575,82.4,3.02,11.5,,19.8,7.7,43.5,
2016-07-11 00:00:00,,,,,,,,,,,,,,,,,,1264.56
2016-07-11 18:00:00,8.66,271.5,29.0,46.85,31.8,257.0,71.5,17.2,450.0,22.7,82.9,3.04,11.5,,19.825,7.72,44.05,
2016-07-12 00:00:00,,,,,,,,,,,,,,,,,,1270.28
2016-07-12 18:00:00,8.75,274.5,29.5,46.9,32.05,261.0,73.3,17.2,440.0,23.05,83.1,3.09,11.58,,20.75,7.75,44.6,
2016-07-13 00:00:00,,,,,,,,,,,,,,,,,,1283.68
2016-07-13 18:00:00,8.93,276.5,30.75,47.15,32.7,262.0,74.1,17.35,440.0,23.3,83.9,3.2,11.58,,21.0,7.82,45.05,
2016-07-14 00:00:00,,,,,,,,,,,,,,,,,,1281.36
2016-07-14 18:00:00,8.95,278.5,32.35,47.475,32.9,261.75,74.8,17.3,425.0,23.2,84.0,3.19,11.58,,21.2,7.86,45.05,
2016-07-15 00:00:00,,,,,,,,,,,,,,,,,,1280.68
2016-07-15 18:00:00,8.95,278.0,33.1,47.8,32.8,260.0,75.0,17.3,425.0,23.35,82.9,3.21,11.58,,21.2,7.86,45.05,
2016-07-18 00:00:00,,,,,,,,,,,,,,,,,,1278.19
2016-07-18 18:00:00,8.95,275.5,31.9,47.7,32.8,260.5,74.0,17.3,425.0,23.4,83.9,3.23,11.58,,21.0,7.86,45.05,
2016-07-19 00:00:00,,,,,,,,,,,,,,,,,,1270.19
2016-07-19 18:00:00,8.8,271.5,31.9,48.1,32.3,259.5,74.1,16.9,425.0,23.0,83.0,3.18,11.52,,21.0,7.86,44.65,
2016-07-20 00:00:00,,,,,,,,,,,,,,,,,,1270.83
2016-07-20 18:00:00,8.76,274.0,32.45,47.5,32.45,259.5,74.1,16.9,425.0,22.8,82.5,3.18,11.52,,21.0,7.78,44.5,
2016-07-21 00:00:00,,,,,,,,,,,,,,,,,,1266.23
2016-07-21 18:00:00,8.82,274.0,32.0,47.5,31.9,259.5,73.5,16.9,425.0,22.9,82.5,3.18,11.52,,20.8,7.78,44.5,
2016-07-22 00:00:00,,,,,,,,,,,,,,,,,,1264.96
2016-07-22 18:00:00,8.82,274.0,32.65,47.6,31.55,259.5,73.5,16.9,425.0,22.65,82.5,3.17,11.52,,20.8,7.78,44.5,
2016-07-25 00:00:00,,,,,,,,,,,,,,,,,,1263.72
2016-07-25 18:00:00,8.82,274.0,32.0,47.15,31.45,262.0,73.6,16.9,425.0,22.65,82.35,3.12,11.5,,20.9,7.78,44.5,
2016-07-26 00:00:00,,,,,,,,,,,,,,,,,,1252.01
2016-07-26 18:00:00,8.82,270.0,31.45,47.1,30.8,260.0,74.1,16.9,425.0,22.55,81.8,3.12,11.5,,20.7,7.75,44.3,
2016-07-27 00:00:00,,,,,,,,,,,,,,,,,,1251.16
2016-07-27 18:00:00,8.82,268.0,31.25,47.15,30.35,262.5,74.1,16.9,425.0,22.55,81.9,3.12,11.59,,21.1,7.75,44.3,
2016-07-28 00:00:00,,,,,,,,,,,,,,,,,,1235.5
2016-07-28 18:00:00,8.69,262.0,30.65,47.075,27.9,255.0,73.1,16.5,450.0,22.35,81.4,3.1,11.33,,20.75,7.6,43.7,
2016-07-29 00:00:00,,,,,,,,,,,,,,,,,,1216.22
2016-07-29 18:00:00,8.6,260.0,30.25,46.0,27.45,252.0,72.4,16.55,435.0,22.2,81.2,3.09,11.08,,20.95,7.6,43.1,
2016-08-02 00:00:00,,,,,,,,,,,,,,,,,,1237.29
2016-08-02 18:00:00,8.69,260.5,30.7,46.05,28.1,256.0,73.0,16.55,450.0,22.45,82.0,3.135,11.4,,20.95,7.58,43.65,
2016-08-03 00:00:00,,,,,,,,,,,,,,,,,,1241.89
2016-08-03 18:00:00,8.72,260.5,30.5,46.325,28.75,256.25,73.0,16.5,450.0,22.5,82.0,3.12,11.4,,20.95,7.58,43.65,
2016-08-04 00:00:00,,,,,,,,,,,,,,,,,,1247.22
2016-08-04 18:00:00,8.77,271.5,30.5,45.8,28.5,260.0,74.3,16.5,450.0,22.8,82.0,3.13,11.3,,20.85,7.61,43.65,
2016-08-05 00:00:00,,,,,,,,,,,,,,,,,,1237.09
2016-08-05 18:00:00,8.7,269.0,30.5,45.6,27.9,256.0,74.0,16.5,450.0,22.65,81.6,3.11,11.3,,21.0,7.55,43.65,
2016-08-08 00:00:00,,,,,,,,,,,,,,,,,,1224.23
2016-08-08 18:00:00,8.6,268.0,30.5,45.6,27.35,249.0,73.3,16.5,450.0,22.45,81.2,3.08,11.19,,20.975,7.46,43.6,
2016-08-09 00:00:00,,,,,,,,,,,,,,,,,,1226.1
2016-08-09 18:00:00,8.75,268.5,30.5,45.35,27.25,251.5,72.5,16.5,450.0,22.2,80.8,3.1,11.25,,21.6,7.5,43.6,
2016-08-10 00:00:00,,,,,,,,,,,,,,,,,,1223.69
2016-08-10 18:00:00,8.72,268.0,30.0,45.7,27.2,249.5,73.1,16.5,450.0,22.2,81.5,3.09,11.25,,21.6,7.5,43.4,
2016-08-11 00:00:00,,,,,,,,,,,,,,,,,,1217.52
2016-08-11 18:00:00,8.67,266.5,29.85,45.9,27.2,249.0,73.2,16.5,440.0,22.1,80.8,3.07,11.2,,21.5,7.47,43.4,
2016-08-12 00:00:00,,,,,,,,,,,,,,,,,,1223.06
2016-08-12 18:00:00,8.72,268.0,29.7,47.1,27.3,251.0,72.7,16.5,440.0,22.35,81.5,3.06,11.2,,21.65,7.47,43.4,
2016-08-15 00:00:00,,,,,,,,,,,,,,,,,,1235.04
2016-08-15 18:00:00,8.85,270.0,29.9,48.45,27.6,254.0,73.0,16.5,440.0,22.75,83.1,3.09,11.32,,21.65,7.6,43.9,
2016-08-16 00:00:00,,,,,,,,,,,,,,,,,,1241.27
2016-08-16 18:00:00,8.96,273.0,29.9,48.9,27.6,255.0,74.0,16.9,440.0,23.05,83.3,3.15,11.5,,21.85,7.73,44.4,
2016-08-17 00:00:00,,,,,,,,,,,,,,,,,,1237.0
2016-08-17 18:00:00,9.13,275.75,29.4,49.0,27.05,254.0,73.5,16.9,440.0,23.1,83.7,3.12,11.48,,21.9,7.76,43.75,
2016-08-18 00:00:00,,,,,,,,,,,,,,,,,,1232.02
2016-08-18 18:00:00,9.26,276.5,29.6,49.65,26.9,253.0,73.5,16.55,430.0,23.15,84.6,3.1,11.48,,21.8,7.76,43.75,
2016-08-19 00:00:00,,,,,,,,,,,,,,,,,,1224.31
2016-08-19 18:00:00,9.11,276.5,29.2,49.25,26.85,249.0,73.5,16.55,430.0,22.9,83.8,3.1,11.48,,21.8,7.75,43.65,
2016-08-22 00:00:00,,,,,,,,,,,,,,,,,,1227.51
2016-08-22 18:00:00,9.27,276.5,29.2,49.5,27.0,249.0,73.55,16.55,430.0,23.1,84.4,3.1,11.5,,21.75,7.74,44.2,
2016-08-23 00:00:00,,,,,,,,,,,,,,,,,,1225.77
2016-08-23 18:00:00,9.26,276.25,29.2,49.0,26.9,249.0,73.7,16.55,430.0,23.1,85.0,3.06,11.5,,21.75,7.74,43.2,
2016-08-24 00:00:00,,,,,,,,,,,,,,,,,,1256.22
2016-08-24 18:00:00,9.65,287.0,30.45,50.6,27.7,256.0,75.5,16.7,430.0,24.1,86.9,3.14,11.98,,22.6,8.06,44.45,
2016-08-25 00:00:00,,,,,,,,,,,,,,,,,,1244.73
2016-08-25 18:00:00,9.89,287.0,30.0,49.5,26.9,248.5,74.5,17.55,430.0,24.5,87.55,3.16,12.07,,23.35,8.03,44.25,
2016-08-26 00:00:00,,,,,,,,,,,,,,,,,,1240.45
2016-08-26 18:00:00,9.81,300.25,30.45,49.5,26.5,246.0,74.9,17.55,430.0,24.1,88.1,3.03,11.55,,23.3,7.83,44.25,
2016-08-29 00:00:00,,,,,,,,,,,,,,,,,,1237.36
2016-08-29 18:00:00,9.77,300.0,30.0,48.5,25.6,241.0,74.0,17.0,450.0,23.75,87.7,3.02,11.65,,23.3,8.05,44.2,
2016-08-30 00:00:00,,,,,,,,,,,,,,,,,,1251.36
2016-08-30 18:00:00,9.98,305.5,30.65,48.4,26.0,247.5,74.5,16.7,450.0,23.8,87.65,3.1,11.75,,23.35,8.04,45.0,
2016-08-31 00:00:00,,,,,,,,,,,,,,,,,,1259.35
2016-08-31 18:00:00,9.96,305.0,30.65,48.4,26.5,250.5,75.5,16.8,450.0,23.9,88.5,3.08,11.66,,23.9,8.15,46.0,
2016-09-01 00:00:00,,,,,,,,,,,,,,,,,,1255.46
2016-09-01 18:00:00,9.97,312.5,31.0,48.65,27.1,252.25,77.1,16.9,425.0,24.05,88.4,3.06,11.69,,24.1,8.42,46.0,
2016-09-02 00:00:00,,,,,,,,,,,,,,,,,,1266.56
2016-09-02 18:00:00,10.33,312.0,31.3,50.25,27.15,253.25,79.2,17.05,425.0,24.55,90.0,3.06,12.02,,24.65,8.5,46.8,
2016-09-05 00:00:00,,,,,,,,,,,,,,,,,,1257.72
2016-09-05 18:00:00,10.5,306.5,31.15,50.1,26.55,250.0,77.8,17.05,425.0,25.15,90.95,3.05,12.23,,24.8,8.7,46.75,
2016-09-06 00:00:00,,,,,,,,,,,,,,,,,,1253.32
2016-09-06 18:00:00,10.5,305.0,31.15,50.3,26.2,247.0,77.6,17.05,425.0,25.05,91.5,3.01,12.73,,25.05,8.59,47.15,
2016-09-07 00:00:00,,,,,,,,,,,,,,,,,,1260.28
2016-09-07 18:00:00,10.56,308.0,31.2,50.3,25.85,249.5,77.3,17.4,425.0,25.7,94.0,3.04,13.05,,25.5,8.62,48.5,
2016-09-08 00:00:00,,,,,,,,,,,,,,,,,,1260.99
2016-09-08 18:00:00,10.6,309.5,31.6,50.0,25.9,249.0,77.7,17.4,425.0,25.7,94.4,3.02,13.0,,25.35,8.56,48.2,
2016-09-09 00:00:00,,,,,,,,,,,,,,,,,,1267.5
2016-09-09 18:00:00,10.5,309.0,30.75,50.0,27.15,251.0,78.0,17.1,425.0,25.6,93.9,3.0,13.0,,25.6,8.53,48.2,
2016-09-12 00:00:00,,,,,,,,,,,,,,,,,,1270.84
2016-09-12 18:00:00,10.37,310.0,30.75,50.6,27.35,255.0,77.0,17.05,425.0,25.1,92.0,3.07,13.05,,25.65,8.52,48.2,
2016-09-13 00:00:00,,,,,,,,,,,,,,,,,,1255.83
2016-09-13 18:00:00,10.25,309.0,30.75,50.2,26.95,253.0,77.0,17.05,410.0,25.2,92.1,3.03,13.0,,25.65,8.45,48.0,
2016-09-14 00:00:00,,,,,,,,,,,,,,,,,,1257.57
2016-09-14 18:00:00,10.22,305.5,30.75,50.3,26.9,248.0,77.2,17.0,430.0,24.55,90.9,3.03,12.95,,24.7,8.35,47.75,
2016-09-15 00:00:00,,,,,,,,,,,,,,,,,,1258.77
2016-09-15 18:00:00,10.23,307.0,30.25,50.8,27.0,248.5,77.2,17.1,430.0,24.25,92.0,3.03,12.86,,24.9,8.25,47.45,
2016-09-16 00:00:00,,,,,,,,,,,,,,,,,,1260.95
2016-09-16 18:00:00,10.165,312.5,30.3,51.9,26.75,248.5,76.85,17.0,430.0,24.55,91.55,3.03,13.09,,25.05,8.37,47.45,
2016-09-19 00:00:00,,,,,,,,,,,,,,,,,,1260.14
2016-09-19 18:00:00,10.23,314.5,30.3,51.8,26.6,247.5,77.3,17.0,430.0,24.5,91.2,3.05,13.06,,25.325,8.45,47.45,
2016-09-20 00:00:00,,,,,,,,,,,,,,,,,,1257.31
2016-09-20 18:00:00,10.23,314.0,30.25,51.8,26.45,245.5,77.0,17.0,430.0,24.65,91.2,3.03,13.15,,25.325,8.52,47.45,
2016-09-21 00:00:00,,,,,,,,,,,,,,,,,,1240.46
2016-09-21 18:00:00,10.18,311.5,30.25,51.0,26.2,244.5,77.0,16.85,410.0,24.35,91.45,3.03,13.08,,25.15,8.52,47.45,
2016-09-22 00:00:00,,,,,,,,,,,,,,,,,,1264.4
2016-09-22 18:00:00,10.18,314.5,30.25,51.4,25.95,247.0,76.6,17.15,445.0,24.5,92.1,3.06,13.14,,25.45,8.57,47.45,
2016-09-23 00:00:00,,,,,,,,,,,,,,,,,,1269.85
2016-09-23 18:00:00,10.23,315.0,29.85,51.95,26.2,251.0,76.6,17.15,445.0,24.575,91.6,3.06,13.14,,25.5,8.52,48.1,
2016-09-26 00:00:00,,,,,,,,,,,,,,,,,,1251.41
2016-09-26 18:00:00,10.1,311.0,29.85,51.4,25.7,249.0,76.9,16.8,430.0,24.35,90.8,3.04,12.95,,24.8,8.62,47.9,
2016-09-27 00:00:00,,,,,,,,,,,,,,,,,,1239.4
2016-09-27 18:00:00,10.115,305.0,29.05,51.4,25.3,245.5,76.2,17.25,430.0,24.1,90.0,3.0,12.91,,24.3,8.57,47.25,
2016-09-28 00:00:00,,,,,,,,,,,,,,,,,,1246.8
2016-09-28 18:00:00,10.25,306.0,28.3,51.2,25.35,249.5,77.4,17.0,430.0,24.85,92.0,3.0,13.0,,24.45,8.62,47.9,
2016-09-29 00:00:00,,,,,,,,,,,,,,,,,,1235.54
2016-09-29 18:00:00,10.2,304.5,27.95,50.9,24.55,247.5,77.0,17.0,430.0,24.45,92.0,2.98,12.91,,23.9,8.49,47.9,
2016-09-30 00:00:00,,,,,,,,,,,,,,,,,,1208.88
2016-09-30 18:00:00,10.075,299.5,27.55,50.5,23.35,237.0,75.6,16.65,430.0,23.9,90.0,2.94,12.7,,23.75,8.34,47.2,
2016-10-03 00:00:00,,,,,,,,,,,,,,,,,,1231.88
2016-10-03 18:00:00,10.2,307.5,27.55,51.4,24.35,245.0,77.3,17.0,430.0,24.35,91.7,2.97,12.75,,24.25,8.45,47.9,
2016-10-04 00:00:00,,,,,,,,,,,,,,,,,,1237.57
2016-10-04 18:00:00,10.36,311.5,27.25,52.0,25.45,252.0,79.6,17.15,400.5,25.075,93.5,3.08,12.95,,24.75,8.5,48.65,
2016-10-05 00:00:00,,,,,,,,,,,,,,,,,,1266.81
2016-10-05 18:00:00,10.54,316.0,28.0,52.4,26.0,253.0,83.2,17.15,430.0,25.2,94.0,3.11,13.07,,25.0,8.58,49.0,
2016-10-06 00:00:00,,,,,,,,,,,,,,,,,,1268.79
2016-10-06 18:00:00,10.45,316.0,28.0,52.4,26.2,253.5,82.75,16.8,430.0,25.35,94.0,3.13,13.125,,25.15,8.65,49.1,
2016-10-07 00:00:00,,,,,,,,,,,,,,,,,,1268.77
2016-10-07 18:00:00,10.44,315.5,28.0,52.3,26.15,253.5,83.1,16.8,430.0,25.3,94.0,3.16,13.125,,25.3,8.65,49.375,
2016-10-10 00:00:00,,,,,,,,,,,,,,,,,,1274.35
2016-10-10 18:00:00,10.5,317.0,27.6,52.25,26.525,256.5,83.7,17.0,430.0,25.15,94.1,3.2,13.05,,25.3,8.67,49.7,
2016-10-11 00:00:00,,,,,,,,,,,,,,,,,,1273.47
2016-10-11 18:00:00,10.5,316.5,27.6,53.1,26.1,255.0,88.0,17.1,430.0,25.35,94.1,3.15,13.19,,25.25,8.74,49.6,
2016-10-12 00:00:00,,,,,,,,,,,,,,,,,,1265.35
2016-10-12 18:00:00,10.42,316.0,26.25,52.6,25.8,255.0,88.3,17.1,430.0,25.2,93.3,3.13,13.19,,25.05,8.62,49.6,
2016-10-13 00:00:00,,,,,,,,,,,,,,,,,,1253.38
2016-10-13 18:00:00,10.29,315.5,26.35,52.5,25.25,250.5,88.3,17.2,425.0,25.05,93.2,3.1,13.13,,24.9,8.73,49.6,
2016-10-14 00:00:00,,,,,,,,,,,,,,,,,,1254.78
2016-10-14 18:00:00,10.315,315.5,26.45,53.4,25.25,250.5,88.6,17.0,425.0,24.9,92.8,3.11,13.17,,25.15,8.75,49.35,
2016-10-17 00:00:00,,,,,,,,,,,,,,,,,,1245.44
2016-10-17 18:00:00,10.26,312.0,25.5,53.25,25.0,248.0,88.4,17.0,425.0,24.75,92.7,3.08,13.02,,24.75,8.71,49.2,
2016-10-18 00:00:00,,,,,,,,,,,,,,,,,,1236.43
2016-10-18 18:00:00,10.2,312.0,25.25,52.9,24.4,245.0,88.4,17.0,425.0,24.5,92.1,3.07,13.02,,25.05,8.71,49.2,
2016-10-19 00:00:00,,,,,,,,,,,,,,,,,,1241.19
2016-10-19 18:00:00,10.22,313.5,24.9,53.15,24.7,247.5,88.6,17.0,425.0,24.75,91.1,3.07,12.91,,25.0,8.69,48.55,
2016-10-20 00:00:00,,,,,,,,,,,,,,,,,,1243.93
2016-10-20 18:00:00,10.12,315.0,24.6,53.0,25.1,251.5,88.6,17.0,425.0,24.475,90.2,3.07,12.91,,25.2,8.7,48.55,
2016-10-21 00:00:00,,,,,,,,,,,,,,,,,,1231.34
2016-10-21 18:00:00,10.07,311.0,24.85,52.9,24.5,245.5,88.6,17.0,425.0,24.0,89.5,3.05,12.9,,25.4,8.66,47.55,
2016-10-24 00:00:00,,,,,,,,,,,,,,,,,,1213.93
2016-10-24 18:00:00,9.95,307.5,25.5,52.9,24.5,243.5,88.0,17.0,402.0,23.75,88.6,3.015,12.88,,25.35,8.67,46.7,
2016-10-25 00:00:00,,,,,,,,,,,,,,,,,,1223.14
2016-10-25 18:00:00,9.95,307.5,25.5,52.7,24.85,243.0,88.05,16.75,416.0,23.6,88.6,3.02,12.95,,25.65,8.65,46.0,
2016-10-26 00:00:00,,,,,,,,,,,,,,,,,,1230.1
2016-10-26 18:00:00,10.11,315.5,25.5,53.7,24.9,249.5,89.4,16.75,402.0,24.05,90.1,3.05,13.05,,25.85,8.76,46.475,
2016-10-27 00:00:00,,,,,,,,,,,,,,,,,,1233.29
2016-10-27 18:00:00,10.05,315.0,25.75,53.9,24.4,244.0,88.7,17.35,425.0,23.9,90.1,2.98,13.03,,25.8,8.74,44.45,
2016-10-28 00:00:00,,,,,,,,,,,,,,,,,,1229.15
2016-10-28 18:00:00,10.05,312.5,25.9,51.9,24.4,239.0,90.6,17.35,425.0,24.05,89.8,3.1,13.25,,26.4,8.92,44.575,
2016-10-31 00:00:00,,,,,,,,,,,,,,,,,,1232.0
2016-10-31 18:00:00,10.15,318.5,27.0,52.0,24.2,245.0,92.2,17.6,405.0,24.6,91.3,3.14,13.7,,26.8,8.97,44.4,
2016-11-01 00:00:00,,,,,,,,,,,,,,,,,,1227.91
2016-11-01 18:00:00,10.29,316.0,27.35,51.4,24.05,242.0,92.5,17.825,405.0,24.55,92.0,3.1,13.56,,26.7,8.95,44.3,
2016-11-02 00:00:00,,,,,,,,,,,,,,,,,,1228.98
2016-11-02 18:00:00,10.39,321.0,27.8,50.85,23.7,239.5,94.1,18.15,405.0,24.7,92.2,3.13,14.15,,26.85,9.0,45.7,
2016-11-03 00:00:00,,,,,,,,,,,,,,,,,,1231.97
2016-11-03 18:00:00,10.35,319.5,27.5,51.0,24.0,242.0,93.2,18.2,405.0,25.2,91.4,3.12,14.1,,27.0,9.0,45.7,
2016-11-04 00:00:00,,,,,,,,,,,,,,,,,,1229.12
2016-11-04 18:00:00,10.45,319.5,27.6,50.95,23.8,240.5,93.5,18.2,400.0,25.5,92.3,3.12,14.25,,26.75,9.1,46.2,
2016-11-07 00:00:00,,,,,,,,,,,,,,,,,,1213.19
2016-11-07 18:00:00,10.45,319.5,27.6,51.2,23.9,240.0,93.0,18.5,375.0,24.95,91.1,3.115,14.2,,27.15,9.1,46.0,
2016-11-08 00:00:00,,,,,,,,,,,,,,,,,,1204.15
2016-11-08 18:00:00,10.36,317.5,27.0,52.1,23.65,235.0,92.0,18.15,375.0,25.0,91.1,3.09,14.2,,26.9,8.9,46.0,
2016-11-09 00:00:00,,,,,,,,,,,,,,,,,,1202.45
2016-11-09 18:00:00,10.4,315.0,26.45,51.9,23.35,233.0,91.85,18.45,382.0,25.25,91.3,3.07,14.15,,26.75,8.875,46.0,
2016-11-10 00:00:00,,,,,,,,,,,,,,,,,,1221.56
2016-11-10 18:00:00,10.3,313.75,26.45,52.5,23.65,238.5,92.5,19.25,400.0,25.0,91.3,3.06,14.41,,27.55,8.95,45.9,
2016-11-11 00:00:00,,,,,,,,,,,,,,,,,,1234.22
2016-11-11 18:00:00,10.35,315.0,25.9,52.8,24.4,245.5,94.1,19.25,400.0,25.3,90.8,3.08,14.51,,27.65,9.03,45.6,
2016-11-14 00:00:00,,,,,,,,,,,,,,,,,,1234.57
2016-11-14 18:00:00,10.4,315.25,26.7,52.4,23.9,247.0,94.8,19.85,400.0,25.0,91.25,3.07,14.51,,27.775,9.07,45.75,
2016-11-15 00:00:00,,,,,,,,,,,,,,,,,,1225.2
2016-11-15 18:00:00,10.35,313.5,26.3,53.2,23.3,243.5,94.2,19.75,400.0,24.65,90.85,3.055,14.49,,27.75,9.055,45.6,
2016-11-16 00:00:00,,,,,,,,,,,,,,,,,,1216.57
2016-11-16 18:00:00,10.2,317.0,26.15,52.35,23.4,246.5,93.2,19.5,385.0,24.6,90.2,3.03,14.49,,27.7,8.93,45.5,
2016-11-17 00:00:00,,,,,,,,,,,,,,,,,,1218.27
2016-11-17 18:00:00,10.22,323.5,26.15,52.4,23.45,245.5,93.2,19.5,385.0,24.6,90.65,3.02,14.47,,27.95,8.93,45.5,
2016-11-18 00:00:00,,,,,,,,,,,,,,,,,,1226.44
2016-11-18 18:00:00,10.29,334.0,26.15,52.95,23.55,245.0,94.6,19.9,385.0,25.05,90.9,3.05,14.93,,28.575,9.08,45.25,
2016-11-21 00:00:00,,,,,,,,,,,,,,,,,,1223.57
2016-11-21 18:00:00,10.25,335.0,26.15,52.95,23.5,243.0,94.05,19.7,385.0,25.2,90.75,3.05,14.82,,28.25,9.08,45.25,
2016-11-22 00:00:00,,,,,,,,,,,,,,,,,,1218.06
2016-11-22 18:00:00,10.3,330.5,25.3,53.2,23.5,241.5,94.1,19.85,385.0,25.0,90.2,3.04,14.75,,28.0,9.08,44.675,
2016-11-23 00:00:00,,,,,,,,,,,,,,,,,,1220.05
2016-11-23 18:00:00,10.28,331.0,25.55,53.0,23.85,241.5,94.9,20.0,382.0,25.1,90.45,3.05,14.86,,28.1,9.015,44.8,
2016-11-24 00:00:00,,,,,,,,,,,,,,,,,,1236.08
2016-11-24 18:00:00,10.56,339.0,26.35,53.4,24.15,246.0,95.3,20.2,382.0,25.5,92.0,3.08,15.05,,28.4,9.05,45.8,
2016-11-25 00:00:00,,,,,,,,,,,,,,,,,,1231.64
2016-11-25 18:00:00,10.45,337.5,26.35,52.95,24.05,244.5,96.0,19.75,382.0,25.65,91.75,3.105,14.81,,27.55,9.05,45.85,
2016-11-28 00:00:00,,,,,,,,,,,,,,,,,,1233.19
2016-11-28 18:00:00,10.41,338.5,26.0,52.6,24.25,245.5,96.5,20.2,382.0,25.65,91.6,3.1,14.96,,27.5,9.05,46.1,
2016-11-29 00:00:00,,,,,,,,,,,,,,,,,,1238.17
2016-11-29 18:00:00,10.46,337.25,26.05,52.6,24.45,244.5,96.6,20.2,390.0,25.675,91.6,3.1,15.0,,27.4,9.02,46.375,
2016-11-30 00:00:00,,,,,,,,,,,,,,,,,,1228.61
2016-11-30 18:00:00,10.48,332.0,26.3,52.2,23.95,239.5,96.1,20.05,390.0,25.7,91.6,3.105,15.0,,27.55,8.98,46.1,
2016-12-01 00:00:00,,,,,,,,,,,,,,,,,,1229.44
2016-12-01 18:00:00,10.45,330.5,27.4,52.9,23.85,240.0,98.1,20.05,385.0,25.7,91.8,3.09,14.75,,28.0,8.97,46.05,
2016-12-02 00:00:00,,,,,,,,,,,,,,,,,,1218.57
2016-12-02 18:00:00,10.39,329.0,27.7,52.2,23.5,235.0,98.0,19.95,385.0,25.25,90.1,3.09,14.77,,27.85,8.93,46.05,
2016-12-05 00:00:00,,,,,,,,,,,,,,,,,,1216.39
2016-12-05 18:00:00,10.35,331.0,27.5,51.7,23.3,235.0,98.0,19.95,385.0,24.95,90.9,3.08,14.85,,27.85,8.93,45.6,
2016-12-06 00:00:00,,,,,,,,,,,,,,,,,,1223.34
2016-12-06 18:00:00,10.47,334.0,27.9,51.9,23.65,236.0,98.8,20.25,385.0,25.1,91.2,3.06,14.73,,27.85,8.93,47.2,
2016-12-07 00:00:00,,,,,,,,,,,,,,,,,,1226.06
2016-12-07 18:00:00,10.47,337.5,27.9,52.6,23.5,234.5,100.5,20.4,385.0,25.35,91.7,3.08,14.95,,27.75,9.03,48.35,
2016-12-08 00:00:00,,,,,,,,,,,,,,,,,,1216.0
2016-12-08 18:00:00,10.52,337.5,27.7,53.2,23.65,235.0,101.0,20.4,360.0,25.55,91.9,3.16,14.9,,27.75,9.1,49.1,
2016-12-09 00:00:00,,,,,,,,,,,,,,,,,,1214.84
2016-12-09 18:00:00,10.52,334.0,27.55,53.35,23.75,234.5,100.5,20.4,360.0,25.4,92.0,3.15,14.9,6.9,28.0,9.1,49.1,
2016-12-12 00:00:00,,,,,,,,,,,,,,,,,,1206.54
2016-12-12 18:00:00,10.47,334.0,27.5,53.6,23.2,236.0,100.5,20.35,350.0,25.5,91.7,3.14,14.915,6.82,28.0,9.1,48.5,
2016-12-13 00:00:00,,,,,,,,,,,,,,,,,,1201.51
2016-12-13 18:00:00,10.47,326.0,27.3,53.1,23.2,236.0,99.2,20.2,350.0,25.5,91.2,3.14,14.95,6.61,27.75,9.065,48.8,
2016-12-14 00:00:00,,,,,,,,,,,,,,,,,,1213.97
2016-12-14 18:00:00,10.52,329.5,27.3,54.45,23.5,234.0,100.0,20.45,360.0,25.9,92.1,3.16,15.15,6.62,28.3,9.06,49.45,
2016-12-15 00:00:00,,,,,,,,,,,,,,,,,,1210.04
2016-12-15 18:00:00,10.595,329.5,26.65,54.1,22.95,234.5,133.5,20.0,365.0,25.75,92.1,3.12,15.1,6.59,28.05,9.06,49.3,
2016-12-16 00:00:00,,,,,,,,,,,,,,,,,,1218.93
2016-12-16 18:00:00,10.66,329.5,26.65,54.8,23.1,239.0,132.0,20.45,370.0,25.75,91.8,3.13,15.1,6.6,28.0,9.06,49.35,
2016-12-19 00:00:00,,,,,,,,,,,,,,,,,,1217.15
2016-12-19 18:00:00,10.67,325.0,26.6,54.5,23.25,237.0,129.5,20.0,370.0,25.85,93.1,3.14,15.15,6.65,28.0,9.12,49.2,
2016-12-20 00:00:00,,,,,,,,,,,,,,,,,,1196.36
2016-12-20 18:00:00,10.71,325.0,26.25,54.5,23.3,240.0,128.0,19.9,330.0,25.8,93.1,3.17,15.15,6.61,27.95,9.06,48.85,
2016-12-21 00:00:00,,,,,,,,,,,,,,,,,,1229.42
2016-12-21 18:00:00,10.74,324.0,26.35,54.3,23.85,243.0,128.0,19.9,375.0,25.85,93.8,3.19,15.1,6.71,28.1,9.16,48.85,
2016-12-22 00:00:00,,,,,,,,,,,,,,,,,,1234.45
2016-12-22 18:00:00,10.83,327.0,26.0,54.3,23.85,245.0,130.0,20.35,375.0,26.1,94.7,3.15,15.2,6.81,28.1,9.11,50.95,
2016-12-23 00:00:00,,,,,,,,,,,,,,,,,,1235.51
2016-12-23 18:00:00,10.83,327.0,26.0,54.6,23.9,246.0,129.5,20.35,375.0,26.2,93.9,3.16,15.2,6.78,28.1,9.15,50.7,
2016-12-27 00:00:00,,,,,,,,,,,,,,,,,,1231.61
2016-12-27 18:00:00,10.72,327.0,26.0,54.4,23.55,246.0,129.5,20.35,375.0,26.1,93.7,3.16,15.1,6.75,28.05,9.05,51.0,
2016-12-28 00:00:00,,,,,,,,,,,,,,,,,,1228.25
2016-12-28 18:00:00,10.73,323.5,26.225,54.2,23.05,243.0,129.0,20.4,380.0,26.2,94.5,3.15,15.1,6.69,27.7,9.08,51.0,
2016-12-29 00:00:00,,,,,,,,,,,,,,,,,,1227.84
2016-12-29 18:00:00,10.68,322.5,26.3,54.1,23.1,243.5,128.5,20.4,380.0,26.2,94.0,3.14,15.0,6.65,28.05,9.08,51.0,
2016-12-30 00:00:00,,,,,,,,,,,,,,,,,,1232.09
2016-12-30 18:00:00,10.7,322.5,26.0,54.0,23.1,243.0,129.0,20.4,390.0,26.2,93.5,3.13,15.0,6.77,28.05,9.08,51.0,
