Date,EIK,EIM,GRND,HAGA,ICEAIR,MARL,N1,NYHR,OSSRu,REGINN,REITIR,SIMINN,SJOVA,TM,VIS,VOICE,OMXIPI
01/06/2016,8.8,274,34.45,48.5,32.6,254.5,68.1,17.3,460,22.5,83.8,3.08,12.02,20.75,7.93,44.9,1292.56
02/06/2016,8.74,272.5,33.95,48.1,32.35,256,68.5,17.125,460,22.45,83.8,3.1,12.03,20.75,7.92,44.4,1290.02
03/06/2016,8.6,270,33.4,47.5,31.9,253.5,68.5,17.25,475,22.2,84,3.01,12.02,20.45,7.85,43.95,1287.89
06/06/2016,8.75,268,32.5,45.65,31.05,248,66.9,16.8,460,22.5,85.2,2.98,11.73,19.95,7.66,43.25,1262.38
07/06/2016,8.755,271,32.2,45,31.8,250.5,67.5,17.1,460,22.5,85.2,3.01,11.82,20.3,7.8,43.65,1270.56
08/06/2016,8.69,270,32.25,44.05,30.85,250,67.8,16.8,450,22.2,85.1,3.01,11.77,19.9,7.75,43.65,1255.05
09/06/2016,8.69,270,32.25,43.9,31,252,68.7,17.25,445,22.25,85.05,2.98,11.65,20,7.8,43.65,1255.12
10/06/2016,8.65,269,32.25,44.55,31.3,254.5,70,17.25,450,22.15,84.6,2.98,11.48,19.6,7.77,43.55,1261.94
13/06/2016,8.65,269,32.25,44.1,31,254,69,17.25,448,22.15,83.8,2.98,11.4,19.85,7.7,43.55,1256.34
14/06/2016,8.69,269,32,44.65,31.1,254.5,69,17.25,445,22.2,83.7,2.99,11.4,20.1,7.79,43.95,1256.9
15/06/2016,8.77,269,32,45.5,31.75,256.75,70,16.9,445,22.2,84.7,2.99,11.4,20,7.76,43.95,1265.86
16/06/2016,8.77,269,32,47,32.3,255.5,70,16.9,445,22.2,84.7,2.99,11.4,20,7.8,43.95,1270.64
20/06/2016,8.77,270,31.55,47,32.65,262,70.15,16.85,445,22.45,84.3,3,11.59,20.3,7.91,44.3,1279.64
21/06/2016,8.88,272,31.55,48,32.85,268.5,70.7,16.85,445,22.85,85,3,11.72,20.4,7.9,44.75,1291.75
22/06/2016,8.8,273,31.3,47.65,32.6,265,70,16.85,445,22.35,84.1,3,11.735,20.2,7.88,44.75,1291.75
23/06/2016,8.88,273,31.3,47.65,33,268.5,70.4,16.85,445,22.25,84.1,3,11.8,20.4,7.9,44.75,1289.75
24/06/2016,8.77,266,30.1,46.7,31,254,69.5,16.85,425,21.9,83.2,2.96,11.66,19.8,7.76,43.9,1241.14
27/06/2016,8.56,259,29.8,45,29.85,246,67.5,16.7,425,21.2,81.2,2.91,11.45,19.55,7.49,43.1,1213.4
28/06/2016,8.6,263.5,29.7,46.3,31,254,68,17.05,425,21.7,82.4,2.97,11.45,19.7,7.6,43.3,1235.28
29/06/2016,8.7,265,29.65,46.95,31,255,68,17.05,425,21.75,82.1,2.99,11.545,19.875,7.735,43.5,1238.71
30/06/2016,8.7,265.5,29.6,47.7,31.25,259,69.3,17.1,420,21.95,82.8,3.02,11.55,19.875,7.72,44.2,1244.6
01/07/2016,8.74,268.5,29.55,47.8,31.35,260,70.5,17.35,410,21.95,82.5,3.04,11.55,20,7.68,44.2,1242.05
04/07/2016,8.65,268.5,29.55,47,31,255.5,70.5,17.35,410,21.95,82.3,3.01,11.48,19.8,7.68,44.2,1233.04
05/07/2016,8.7,268.5,29.5,46.9,31.3,254,70,17.35,410,22.4,82.9,3.01,11.49,20,7.68,44,1234.86
06/07/2016,8.66,271,29.05,46.75,30.6,251,70.2,17.1,450,22.3,82.6,3,11.45,19.8,7.6,43.5,1248.13
07/07/2016,8.7,270,29,46.7,30.75,252.5,70.2,17.1,450,22.25,82.9,2.99,11.5,19.8,7.6,43.5,1250.42
08/07/2016,8.66,270,29,46.7,31.1,250.5,70.4,17.1,450,22.575,82.4,3.02,11.5,19.8,7.7,43.5,1251.47
11/07/2016,8.66,271.5,29,46.85,31.8,257,71.5,17.2,450,22.7,82.9,3.04,11.5,19.825,7.72,44.05,1264.56
12/07/2016,8.75,274.5,29.5,46.9,32.05,261,73.3,17.2,440,23.05,83.1,3.09,11.58,20.75,7.75,44.6,1270.28
13/07/2016,8.93,276.5,30.75,47.15,32.7,262,74.1,17.35,440,23.3,83.9,3.2,11.58,21,7.82,45.05,1283.68
14/07/2016,8.95,278.5,32.35,47.475,32.9,261.75,74.8,17.3,425,23.2,84,3.19,11.58,21.2,7.86,45.05,1281.36
15/07/2016,8.95,278,33.1,47.8,32.8,260,75,17.3,425,23.35,82.9,3.21,11.58,21.2,7.86,45.05,1280.68
18/07/2016,8.95,275.5,31.9,47.7,32.8,260.5,74,17.3,425,23.4,83.9,3.23,11.58,21,7.86,45.05,1278.19
19/07/2016,8.8,271.5,31.9,48.1,32.3,259.5,74.1,16.9,425,23,83,3.18,11.52,21,7.86,44.65,1270.19
20/07/2016,8.76,274,32.45,47.5,32.45,259.5,74.1,16.9,425,22.8,82.5,3.18,11.52,21,7.78,44.5,1270.83
21/07/2016,8.82,274,32,47.5,31.9,259.5,73.5,16.9,425,22.9,82.5,3.18,11.52,20.8,7.78,44.5,1266.23
22/07/2016,8.82,274,32.65,47.6,31.55,259.5,73.5,16.9,425,22.65,82.5,3.17,11.52,20.8,7.78,44.5,1264.96
25/07/2016,8.82,274,32,47.15,31.45,262,73.6,16.9,425,22.65,82.35,3.12,11.5,20.9,7.78,44.5,1263.72
26/07/2016,8.82,270,31.45,47.1,30.8,260,74.1,16.9,425,22.55,81.8,3.12,11.5,20.7,7.75,44.3,1252.01
27/07/2016,8.82,268,31.25,47.15,30.35,262.5,74.1,16.9,425,22.55,81.9,3.12,11.59,21.1,7.75,44.3,1251.16
28/07/2016,8.69,262,30.65,47.075,27.9,255,73.1,16.5,450,22.35,81.4,3.1,11.33,20.75,7.6,43.7,1235.5
29/07/2016,8.6,260,30.25,46,27.45,252,72.4,16.55,435,22.2,81.2,3.09,11.08,20.95,7.6,43.1,1216.22
02/08/2016,8.69,260.5,30.7,46.05,28.1,256,73,16.55,450,22.45,82,3.135,11.4,20.95,7.58,43.65,1237.29
03/08/2016,8.72,260.5,30.5,46.325,28.75,256.25,73,16.5,450,22.5,82,3.12,11.4,20.95,7.58,43.65,1241.89
04/08/2016,8.77,271.5,30.5,45.8,28.5,260,74.3,16.5,450,22.8,82,3.13,11.3,20.85,7.61,43.65,1247.22
05/08/2016,8.7,269,30.5,45.6,27.9,256,74,16.5,450,22.65,81.6,3.11,11.3,21,7.55,43.65,1237.09
08/08/2016,8.6,268,30.5,45.6,27.35,249,73.3,16.5,450,22.45,81.2,3.08,11.19,20.975,7.46,43.6,1224.23
09/08/2016,8.75,268.5,30.5,45.35,27.25,251.5,72.5,16.5,450,22.2,80.8,3.1,11.25,21.6,7.5,43.6,1226.1
10/08/2016,8.72,268,30,45.7,27.2,249.5,73.1,16.5,450,22.2,81.5,3.09,11.25,21.6,7.5,43.4,1223.69
11/08/2016,8.67,266.5,29.85,45.9,27.2,249,73.2,16.5,440,22.1,80.8,3.07,11.2,21.5,7.47,43.4,1217.52
12/08/2016,8.72,268,29.7,47.1,27.3,251,72.7,16.5,440,22.35,81.5,3.06,11.2,21.65,7.47,43.4,1223.06
15/08/2016,8.85,270,29.9,48.45,27.6,254,73,16.5,440,22.75,83.1,3.09,11.32,21.65,7.6,43.9,1235.04
16/08/2016,8.96,273,29.9,48.9,27.6,255,74,16.9,440,23.05,83.3,3.15,11.5,21.85,7.73,44.4,1241.27
17/08/2016,9.13,275.75,29.4,49,27.05,254,73.5,16.9,440,23.1,83.7,3.12,11.48,21.9,7.76,43.75,1237
18/08/2016,9.26,276.5,29.6,49.65,26.9,253,73.5,16.55,430,23.15,84.6,3.1,11.48,21.8,7.76,43.75,1232.02
19/08/2016,9.11,276.5,29.2,49.25,26.85,249,73.5,16.55,430,22.9,83.8,3.1,11.48,21.8,7.75,43.65,1224.31
22/08/2016,9.27,276.5,29.2,49.5,27,249,73.55,16.55,430,23.1,84.4,3.1,11.5,21.75,7.74,44.2,1227.51
23/08/2016,9.26,276.25,29.2,49,26.9,249,73.7,16.55,430,23.1,85,3.06,11.5,21.75,7.74,43.2,1225.77
24/08/2016,9.65,287,30.45,50.6,27.7,256,75.5,16.7,430,24.1,86.9,3.14,11.98,22.6,8.06,44.45,1256.22
25/08/2016,9.89,287,30,49.5,26.9,248.5,74.5,17.55,430,24.5,87.55,3.16,12.07,23.35,8.03,44.25,1244.73
26/08/2016,9.81,300.25,30.45,49.5,26.5,246,74.9,17.55,430,24.1,88.1,3.03,11.55,23.3,7.83,44.25,1240.45
29/08/2016,9.77,300,30,48.5,25.6,241,74,17,450,23.75,87.7,3.02,11.65,23.3,8.05,44.2,1237.36
30/08/2016,9.98,305.5,30.65,48.4,26,247.5,74.5,16.7,450,23.8,87.65,3.1,11.75,23.35,8.04,45,1251.36
31/08/2016,9.96,305,30.65,48.4,26.5,250.5,75.5,16.8,450,23.9,88.5,3.08,11.66,23.9,8.15,46,1259.35
01/09/2016,9.97,312.5,31,48.65,27.1,252.25,77.1,16.9,425,24.05,88.4,3.06,11.69,24.1,8.42,46,1255.46
02/09/2016,10.33,312,31.3,50.25,27.15,253.25,79.2,17.05,425,24.55,90,3.06,12.02,24.65,8.5,46.8,1266.56
05/09/2016,10.5,306.5,31.15,50.1,26.55,250,77.8,17.05,425,25.15,90.95,3.05,12.23,24.8,8.7,46.75,1257.72
06/09/2016,10.5,305,31.15,50.3,26.2,247,77.6,17.05,425,25.05,91.5,3.01,12.73,25.05,8.59,47.15,1253.32
07/09/2016,10.56,308,31.2,50.3,25.85,249.5,77.3,17.4,425,25.7,94,3.04,13.05,25.5,8.62,48.5,1260.28
08/09/2016,10.6,309.5,31.6,50,25.9,249,77.7,17.4,425,25.7,94.4,3.02,13,25.35,8.56,48.2,1260.99
09/09/2016,10.5,309,30.75,50,27.15,251,78,17.1,425,25.6,93.9,3,13,25.6,8.53,48.2,1267.5
12/09/2016,10.37,310,30.75,50.6,27.35,255,77,17.05,425,25.1,92,3.07,13.05,25.65,8.52,48.2,1270.84
13/09/2016,10.25,309,30.75,50.2,26.95,253,77,17.05,410,25.2,92.1,3.03,13,25.65,8.45,48,1255.83
14/09/2016,10.22,305.5,30.75,50.3,26.9,248,77.2,17,430,24.55,90.9,3.03,12.95,24.7,8.35,47.75,1257.57
15/09/2016,10.23,307,30.25,50.8,27,248.5,77.2,17.1,430,24.25,92,3.03,12.86,24.9,8.25,47.45,1258.77
16/09/2016,10.165,312.5,30.3,51.9,26.75,248.5,76.85,17,430,24.55,91.55,3.03,13.09,25.05,8.37,47.45,1260.95
19/09/2016,10.23,314.5,30.3,51.8,26.6,247.5,77.3,17,430,24.5,91.2,3.05,13.06,25.325,8.45,47.45,1260.14
20/09/2016,10.23,314,30.25,51.8,26.45,245.5,77,17,430,24.65,91.2,3.03,13.15,25.325,8.52,47.45,1257.31
21/09/2016,10.18,311.5,30.25,51,26.2,244.5,77,16.85,410,24.35,91.45,3.03,13.08,25.15,8.52,47.45,1240.46
22/09/2016,10.18,314.5,30.25,51.4,25.95,247,76.6,17.15,445,24.5,92.1,3.06,13.14,25.45,8.57,47.45,1264.4
23/09/2016,10.23,315,29.85,51.95,26.2,251,76.6,17.15,445,24.575,91.6,3.06,13.14,25.5,8.52,48.1,1269.85
26/09/2016,10.1,311,29.85,51.4,25.7,249,76.9,16.8,430,24.35,90.8,3.04,12.95,24.8,8.62,47.9,1251.41
27/09/2016,10.115,305,29.05,51.4,25.3,245.5,76.2,17.25,430,24.1,90,3,12.91,24.3,8.57,47.25,1239.4
28/09/2016,10.25,306,28.3,51.2,25.35,249.5,77.4,17,430,24.85,92,3,13,24.45,8.62,47.9,1246.8
29/09/2016,10.2,304.5,27.95,50.9,24.55,247.5,77,17,430,24.45,92,2.98,12.91,23.9,8.49,47.9,1235.54
30/09/2016,10.075,299.5,27.55,50.5,23.35,237,75.6,16.65,430,23.9,90,2.94,12.7,23.75,8.34,47.2,1208.88
03/10/2016,10.2,307.5,27.55,51.4,24.35,245,77.3,17,430,24.35,91.7,2.97,12.75,24.25,8.45,47.9,1231.88
04/10/2016,10.36,311.5,27.25,52,25.45,252,79.6,17.15,400.5,25.075,93.5,3.08,12.95,24.75,8.5,48.65,1237.57
05/10/2016,10.54,316,28,52.4,26,253,83.2,17.15,430,25.2,94,3.11,13.07,25,8.58,49,1266.81
06/10/2016,10.45,316,28,52.4,26.2,253.5,82.75,16.8,430,25.35,94,3.13,13.125,25.15,8.65,49.1,1268.79
07/10/2016,10.44,315.5,28,52.3,26.15,253.5,83.1,16.8,430,25.3,94,3.16,13.125,25.3,8.65,49.375,1268.77
10/10/2016,10.5,317,27.6,52.25,26.525,256.5,83.7,17,430,25.15,94.1,3.2,13.05,25.3,8.67,49.7,1274.35
11/10/2016,10.5,316.5,27.6,53.1,26.1,255,88,17.1,430,25.35,94.1,3.15,13.19,25.25,8.74,49.6,1273.47
12/10/2016,10.42,316,26.25,52.6,25.8,255,88.3,17.1,430,25.2,93.3,3.13,13.19,25.05,8.62,49.6,1265.35
13/10/2016,10.29,315.5,26.35,52.5,25.25,250.5,88.3,17.2,425,25.05,93.2,3.1,13.13,24.9,8.73,49.6,1253.38
14/10/2016,10.315,315.5,26.45,53.4,25.25,250.5,88.6,17,425,24.9,92.8,3.11,13.17,25.15,8.75,49.35,1254.78
17/10/2016,10.26,312,25.5,53.25,25,248,88.4,17,425,24.75,92.7,3.08,13.02,24.75,8.71,49.2,1245.44
18/10/2016,10.2,312,25.25,52.9,24.4,245,88.4,17,425,24.5,92.1,3.07,13.02,25.05,8.71,49.2,1236.43
19/10/2016,10.22,313.5,24.9,53.15,24.7,247.5,88.6,17,425,24.75,91.1,3.07,12.91,25,8.69,48.55,1241.19
20/10/2016,10.12,315,24.6,53,25.1,251.5,88.6,17,425,24.475,90.2,3.07,12.91,25.2,8.7,48.55,1243.93
21/10/2016,10.07,311,24.85,52.9,24.5,245.5,88.6,17,425,24,89.5,3.05,12.9,25.4,8.66,47.55,1231.34
24/10/2016,9.95,307.5,25.5,52.9,24.5,243.5,88,17,402,23.75,88.6,3.015,12.88,25.35,8.67,46.7,1213.93
25/10/2016,9.95,307.5,25.5,52.7,24.85,243,88.05,16.75,416,23.6,88.6,3.02,12.95,25.65,8.65,46,1223.14
26/10/2016,10.11,315.5,25.5,53.7,24.9,249.5,89.4,16.75,402,24.05,90.1,3.05,13.05,25.85,8.76,46.475,1230.1
27/10/2016,10.05,315,25.75,53.9,24.4,244,88.7,17.35,425,23.9,90.1,2.98,13.03,25.8,8.74,44.45,1233.29
28/10/2016,10.05,312.5,25.9,51.9,24.4,239,90.6,17.35,425,24.05,89.8,3.1,13.25,26.4,8.92,44.575,1229.15
31/10/2016,10.15,318.5,27,52,24.2,245,92.2,17.6,405,24.6,91.3,3.14,13.7,26.8,8.97,44.4,1232
01/11/2016,10.29,316,27.35,51.4,24.05,242,92.5,17.825,405,24.55,92,3.1,13.56,26.7,8.95,44.3,1227.91
02/11/2016,10.39,321,27.8,50.85,23.7,239.5,94.1,18.15,405,24.7,92.2,3.13,14.15,26.85,9,45.7,1228.98
03/11/2016,10.35,319.5,27.5,51,24,242,93.2,18.2,405,25.2,91.4,3.12,14.1,27,9,45.7,1231.97
04/11/2016,10.45,319.5,27.6,50.95,23.8,240.5,93.5,18.2,400,25.5,92.3,3.12,14.25,26.75,9.1,46.2,1229.12
07/11/2016,10.45,319.5,27.6,51.2,23.9,240,93,18.5,375,24.95,91.1,3.115,14.2,27.15,9.1,46,1213.19
08/11/2016,10.36,317.5,27,52.1,23.65,235,92,18.15,375,25,91.1,3.09,14.2,26.9,8.9,46,1204.15
09/11/2016,10.4,315,26.45,51.9,23.35,233,91.85,18.45,382,25.25,91.3,3.07,14.15,26.75,8.875,46,1202.45
10/11/2016,10.3,313.75,26.45,52.5,23.65,238.5,92.5,19.25,400,25,91.3,3.06,14.41,27.55,8.95,45.9,1221.56
11/11/2016,10.35,315,25.9,52.8,24.4,245.5,94.1,19.25,400,25.3,90.8,3.08,14.51,27.65,9.03,45.6,1234.22
14/11/2016,10.4,315.25,26.7,52.4,23.9,247,94.8,19.85,400,25,91.25,3.07,14.51,27.775,9.07,45.75,1234.57
15/11/2016,10.35,313.5,26.3,53.2,23.3,243.5,94.2,19.75,400,24.65,90.85,3.055,14.49,27.75,9.055,45.6,1225.2
16/11/2016,10.2,317,26.15,52.35,23.4,246.5,93.2,19.5,385,24.6,90.2,3.03,14.49,27.7,8.93,45.5,1216.57
17/11/2016,10.22,323.5,26.15,52.4,23.45,245.5,93.2,19.5,385,24.6,90.65,3.02,14.47,27.95,8.93,45.5,1218.27
18/11/2016,10.29,334,26.15,52.95,23.55,245,94.6,19.9,385,25.05,90.9,3.05,14.93,28.575,9.08,45.25,1226.44
21/11/2016,10.25,335,26.15,52.95,23.5,243,94.05,19.7,385,25.2,90.75,3.05,14.82,28.25,9.08,45.25,1223.57
22/11/2016,10.3,330.5,25.3,53.2,23.5,241.5,94.1,19.85,385,25,90.2,3.04,14.75,28,9.08,44.675,1218.06
23/11/2016,10.28,331,25.55,53,23.85,241.5,94.9,20,382,25.1,90.45,3.05,14.86,28.1,9.015,44.8,1220.05
24/11/2016,10.56,339,26.35,53.4,24.15,246,95.3,20.2,382,25.5,92,3.08,15.05,28.4,9.05,45.8,1236.08
25/11/2016,10.45,337.5,26.35,52.95,24.05,244.5,96,19.75,382,25.65,91.75,3.105,14.81,27.55,9.05,45.85,1231.64
28/11/2016,10.41,338.5,26,52.6,24.25,245.5,96.5,20.2,382,25.65,91.6,3.1,14.96,27.5,9.05,46.1,1233.19
29/11/2016,10.46,337.25,26.05,52.6,24.45,244.5,96.6,20.2,390,25.675,91.6,3.1,15,27.4,9.02,46.375,1238.17
30/11/2016,10.48,332,26.3,52.2,23.95,239.5,96.1,20.05,390,25.7,91.6,3.105,15,27.55,8.98,46.1,1228.61
01/12/2016,10.45,330.5,27.4,52.9,23.85,240,98.1,20.05,385,25.7,91.8,3.09,14.75,28,8.97,46.05,1229.44
02/12/2016,10.39,329,27.7,52.2,23.5,235,98,19.95,385,25.25,90.1,3.09,14.77,27.85,8.93,46.05,1218.57
05/12/2016,10.35,331,27.5,51.7,23.3,235,98,19.95,385,24.95,90.9,3.08,14.85,27.85,8.93,45.6,1216.39
06/12/2016,10.47,334,27.9,51.9,23.65,236,98.8,20.25,385,25.1,91.2,3.06,14.73,27.85,8.93,47.2,1223.34
07/12/2016,10.47,337.5,27.9,52.6,23.5,234.5,100.5,20.4,385,25.35,91.7,3.08,14.95,27.75,9.03,48.35,1226.06
08/12/2016,10.52,337.5,27.7,53.2,23.65,235,101,20.4,360,25.55,91.9,3.16,14.9,27.75,9.1,49.1,1216
09/12/2016,10.52,334,27.55,53.35,23.75,234.5,100.5,20.4,360,25.4,92,3.15,14.9,28,9.1,49.1,1214.84
12/12/2016,10.47,334,27.5,53.6,23.2,236,100.5,20.35,350,25.5,91.7,3.14,14.915,28,9.1,48.5,1206.54
13/12/2016,10.47,326,27.3,53.1,23.2,236,99.2,20.2,350,25.5,91.2,3.14,14.95,27.75,9.065,48.8,1201.51
14/12/2016,10.52,329.5,27.3,54.45,23.5,234,100,20.45,360,25.9,92.1,3.16,15.15,28.3,9.06,49.45,1213.97
15/12/2016,10.595,329.5,26.65,54.1,22.95,234.5,133.5,20,365,25.75,92.1,3.12,15.1,28.05,9.06,49.3,1210.04
16/12/2016,10.66,329.5,26.65,54.8,23.1,239,132,20.45,370,25.75,91.8,3.13,15.1,28,9.06,49.35,1218.93
19/12/2016,10.67,325,26.6,54.5,23.25,237,129.5,20,370,25.85,93.1,3.14,15.15,28,9.12,49.2,1217.15
20/12/2016,10.71,325,26.25,54.5,23.3,240,128,19.9,330,25.8,93.1,3.17,15.15,27.95,9.06,48.85,1196.36
21/12/2016,10.74,324,26.35,54.3,23.85,243,128,19.9,375,25.85,93.8,3.19,15.1,28.1,9.16,48.85,1229.42
22/12/2016,10.83,327,26,54.3,23.85,245,130,20.35,375,26.1,94.7,3.15,15.2,28.1,9.11,50.95,1234.45
23/12/2016,10.83,327,26,54.6,23.9,246,129.5,20.35,375,26.2,93.9,3.16,15.2,28.1,9.15,50.7,1235.51
27/12/2016,10.72,327,26,54.4,23.55,246,129.5,20.35,375,26.1,93.7,3.16,15.1,28.05,9.05,51,1231.61
28/12/2016,10.73,323.5,26.225,54.2,23.05,243,129,20.4,380,26.2,94.5,3.15,15.1,27.7,9.08,51,1228.25
29/12/2016,10.68,322.5,26.3,54.1,23.1,243.5,128.5,20.4,380,26.2,94,3.14,15,28.05,9.08,51,1227.84
30/12/2016,10.7,322.5,26,54,23.1,243,129,20.4,390,26.2,93.5,3.13,15,28.05,9.08,51,1232.09
02/01/2017,10.79,325,26.05,54.35,23.525,250.5,132,20.55,390,26.3,94.9,3.16,15.4,28.2,9.19,51.4,1248.14
03/01/2017,10.79,319,26.35,54.45,23.25,252,132,20.55,390,26.2,94.9,3.16,15.3,28.35,9.18,51.4,1246.64
04/01/2017,10.87,319.5,26.35,54,23,254,131.6,20.8,390,26.65,95,3.15,15.5,28.15,9.1,51.4,1247.47
05/01/2017,10.79,318.5,26.35,52.9,22.65,256.5,132,21.2,390,26.85,95.1,3.16,15.5,28,9.2,51.8,1248.77
06/01/2017,10.76,310,27.25,51.4,22.35,254,129.5,21.15,390,26.7,94.2,3.13,15.45,28,9.2,51.5,1244.58
09/01/2017,10.76,311.5,28.3,51.2,22,253.5,126.5,21.3,390,26.55,94.2,3.13,15.4,28,9.13,51,1242.91
10/01/2017,10.6,312,29.3,51.4,22.1,253,126.5,21.4,390,26.35,93.2,3.12,15.45,27.75,9.12,51,1243.74
11/01/2017,10.5,316,29.1,51.3,22.25,255.75,126.25,21.7,390,26,91.95,3.09,15.3,27.5,9.09,50.3,1244.12
12/01/2017,10.43,313,28.8,50.9,21.85,255,125.5,21.85,390,25.9,91.5,3.04,15.25,27.4,9.05,50.1,1236.61
13/01/2017,10.45,313,28.8,51.2,22,260,125.5,21.95,390,25.95,91.2,3.05,15.2,27.4,9.1,50.25,1242.58
16/01/2017,10.5,311,28.8,51,22,262.5,125.5,22.1,390,25.95,91.3,3.04,15.6,27.8,9.05,50.25,1245.28
17/01/2017,10.35,304.5,29.1,50.2,21.55,261,124.5,22.7,390,25.475,91,3.05,15.6,27.45,9.04,49.8,1236.54
18/01/2017,10.15,298,28.8,49.5,21.3,255.5,123,22.7,385,25.25,90.1,3.04,15.55,27.1,9.13,49.75,1220.31
19/01/2017,10.425,307,28.8,50.3,21.85,259.5,125.5,22.65,390,25.85,91.3,3.1,15.95,27.6,9.11,50.7,1241.29
20/01/2017,10.6,310,29,51.2,22.65,261.5,125.5,22.8,390,25.925,91.3,3.13,16.45,28.1,9.18,51.1,1254.24
23/01/2017,10.6,304,29,50.8,22.7,263.5,124.5,22.9,390,25.95,91.8,3.08,16.5,27.9,9.155,51.6,1254.04
24/01/2017,10.5,305,28.05,50.5,23.275,269.5,123.5,22.7,390,26,90.8,3.05,16.4,27.7,9.2,51.65,1258.69
25/01/2017,10.59,307.5,28.4,50.65,23.4,274,123.5,22.7,390,25.85,91,3.06,16.35,27.85,9.29,51.3,1266.14
26/01/2017,10.63,313,28.4,51,22.9,272,125,22.7,390,25.95,90.7,3.13,16.55,28.2,9.26,53.7,1266.01
27/01/2017,10.73,316.5,28.1,50.9,22.8,273,124.5,23.75,390,26.15,91.8,3.13,16.7,28.85,9.31,53.9,1269.71
30/01/2017,10.73,316.5,28,50.8,22.025,270,123.5,23.6,390,25.975,91,3.115,16.6,28.75,9.27,53.4,1259.31
31/01/2017,10.7,316.5,28,51.2,22.1,267.5,125,23.75,390,26,91,3.11,16.6,28.8,9.27,53.1,1258.22
01/02/2017,10.53,307.5,27.4,50.2,16.8,264,123.5,25.3,395,25.75,89.4,3.07,16.15,28.05,9.05,52.1,1212.87
02/02/2017,10.67,312,27.2,51.9,16.2,271,125.5,28.6,395,26.15,90.8,3.15,16.35,28.45,9.215,53.3,1226.62
03/02/2017,10.7,314.25,27.4,52.4,15.95,269.5,127.5,28.45,395,26.1,92,3.15,16.55,28.95,9.17,53.6,1227.8
06/02/2017,10.69,314.25,27.4,52.65,15.65,271,127.5,27.35,395,26.35,92.3,3.13,16.4,28.9,9.235,53.95,1227.36
07/02/2017,10.72,310.5,26.2,52.2,15,277.5,129.5,27.35,395,26.05,91.9,3.14,16.4,29,9.14,53.4,1224.47
08/02/2017,10.72,305.5,25.75,52.2,14.85,277.5,129.5,27,380,26.4,91.9,3.13,16.55,29.3,9.07,53.3,1213.05
09/02/2017,10.86,312.5,27.35,51.7,15.5,298,134,28,380,26.65,93.3,3.16,16.8,29.6,9.2,54,1247.41
10/02/2017,10.99,317.5,29,52,16.1,307,136.5,28,395,27,93.9,3.27,17,29.75,9.4,55,1278.93
13/02/2017,11.2,323,30.3,52.4,16.025,307,142,28.45,395,27.35,94.3,3.4,17.6,30.45,9.75,57,1292.73
14/02/2017,11.38,326,31.55,52,15.7,304,145,28.45,395,27.35,94.7,3.46,17.65,30.5,10.08,56.5,1295.33
15/02/2017,11.28,324.5,32.05,50.45,15.9,305.5,145,27.9,374,27.65,95.3,3.44,17.9,30.5,9.82,54.8,1283.67
16/02/2017,11.27,324,32.3,50.1,16.4,304.5,144.5,27.9,380,27.4,95.5,3.39,17.675,30.65,9.88,52.7,1287.13
17/02/2017,11.15,325,32.7,49.5,16.8,305,139,27.9,380,27.2,94.6,3.45,17.9,31,9.85,52.8,1288.11
20/02/2017,11.13,329,33.5,48.35,16.8,324.5,139.5,29.7,395,27.2,94.75,3.5,18,31,9.75,51.7,1317.92
21/02/2017,11.25,323,33.4,48.35,16.45,324,139,29.8,395,27.25,94.7,3.44,18,31.7,9.68,51.5,1313.1
22/02/2017,11.15,321.5,32.2,48.8,16.3,327.5,137,30.9,395,27.35,93.4,3.44,17.9,31.7,9.68,51.1,1310.88
23/02/2017,10.99,320,31,48.2,15.75,327,129,30.6,395,27,92,3.45,17.9,31.8,9.68,51.1,1296.94
24/02/2017,10.88,317,30.75,47.6,15.5,321.5,131.5,30.6,385,26.85,90.7,3.44,17.55,31.15,9.46,51.1,1278.55
27/02/2017,10.96,314.5,30.3,47.75,15.05,315.5,131,30,370,26.75,90.7,3.43,17.65,31.45,9.46,51.1,1259.57
28/02/2017,11.2,315.5,30.3,48.526,14.9,317,133,30.4,390,27.45,93,3.5,18,31.65,9.54,52.6,1281.48
01/03/2017,11.19,315,30.3,49.05,14.94,313.5,131.5,30,385,27.6,93.3,3.58,18.1,31.65,9.54,52.9,1277.43
02/03/2017,11.19,314.5,30.9,49,15,314.5,132,30.2,385,27.5,94,3.62,18.45,32,9.61,53.2,1282.66
03/03/2017,11.2,314.5,31.05,49,15.25,314,131,30.7,385,27.5,93.3,3.72,18.45,31.7,9.6,54,1284.77
06/03/2017,11.3,311.5,30.6,48.4,14.8,313,115.5,26.2,385,27.6,93.2,3.77,18.4,32.1,9.79,54,1272.35
07/03/2017,11.335,309.75,31.1,47.9,14.41,317.5,122,28.8,385,27.9,93.8,3.78,18.5,32.825,10.285,53.7,1281.51
08/03/2017,11.31,307.5,31.5,47,14.085,318,117.5,29.5,385,27.9,93.6,3.68,18.3,32.7,10.18,53.7,1275.45
09/03/2017,11.31,312,31.5,46.95,13.94,318.5,118,29.5,400,27.9,93.9,3.67,18.2,32.7,10.27,54.25,1285.33
10/03/2017,11.2,311.5,31.5,46.4,13.75,315,115,29.2,400,27.55,93.2,3.65,17.75,32.1,10.07,53.6,1273.96
13/03/2017,11.3,315.5,32.25,46.7,14.14,315,114,29.95,400,27.75,93.9,3.65,18.15,32.4,10.21,53.95,1283.26
14/03/2017,11.57,320,32.65,48.4,14.29,317.75,116,29.75,400,28.25,95.2,3.67,18.75,33.3,10.45,56.9,1300.07
15/03/2017,11.82,320.75,32.9,48.8,14.25,322,120,30.15,400,28.9,95.6,3.75,19.15,33.4,10.7,58.3,1312.92
16/03/2017,11.7,317.5,32.45,48.3,14,322.5,119.75,29.6,400,28.7,94.6,3.76,19.15,33.65,10.7,59.1,1307.35
17/03/2017,12.18,321.5,33.55,49,14.3,324,122.5,29,400,29.55,97.6,3.91,19.3,32.45,10.9,59.85,1325.46
20/03/2017,12.18,318.5,33.55,49.4,14.2,322,122,29.9,400,29.45,98.5,3.92,17.85,32.5,10.95,59.8,1321.41
21/03/2017,12.2,323.25,33.55,47.9,14.17,322,121,29.95,362,29.15,97.9,3.93,18.45,33.1,11.18,59.65,1298.99
22/03/2017,11.98,319,33.95,47.1,14.2,323,117,29.8,362,28.3,97.5,3.85,18.1,32.65,11.05,59.2,1291.39
23/03/2017,12.05,321.5,33.95,46.6,14.6,326.5,118,29.8,362,28.225,97.3,3.85,18.1,33.25,10.98,59.2,1297.92
24/03/2017,11.83,315,33.95,45.5,14.58,328,116,29.6,362,27.95,96.6,3.855,17.75,33.15,10.91,58.7,1291.47
27/03/2017,11.99,315.5,32.25,45.95,14.4,328,116,29.6,400,27.8,97.9,3.855,17.85,33.3,10.93,59.65,1311.16
28/03/2017,11.99,314.5,32.05,46.6,14.43,326,115,29.85,396,27.9,97.6,3.85,17.75,33.6,10.765,60,1306.9
29/03/2017,11.84,314.5,32.2,46.55,14.4,325,115,30,396,27.975,97.2,3.84,17.7,33.2,10.56,60.2,1304.08
30/03/2017,11.51,314,31.55,46.1,14.15,325,113.5,29.5,396,27.65,95.8,3.8,17.55,33.1,10.47,59.7,1294.3
31/03/2017,11.5,314,31.95,45.95,13.91,323,113,29.5,395,27.6,96.5,3.8,17.55,33.15,10.47,59.7,1291.38
03/04/2017,11.545,316,31.5,46.225,13.85,325,114.5,29.6,405,27.3,97.4,3.82,17.575,33,10.47,59.7,1299.73
04/04/2017,11.72,317.5,31.55,47.6,13.85,327.5,117,29.3,396,27.7,98.6,3.85,18,33.55,10.65,60,1305.51
05/04/2017,12.01,318.5,31.25,49,13.89,330,118,29.3,405,27.8,100,3.85,17.95,33.05,10.7,60.5,1318.07
06/04/2017,11.95,318.5,31.25,49.2,13.35,329.5,117,29.1,400,27.95,100,3.8,17.95,33.35,10.58,60.8,1310.28
07/04/2017,11.85,317,31.25,48.6,13.54,327.5,117,28.85,409,27.8,99.5,3.85,17.95,33.2,10.58,60.95,1312.64
10/04/2017,11.85,317,31.25,48.65,13.45,329,118.5,29.4,409,28,99.3,3.84,18.15,33.2,10.55,60.95,1315.03
11/04/2017,12,317,31.3,48.1,13.13,327,118.5,29.4,409,28,100,3.86,18.5,33.45,10.55,61.4,1313.02
12/04/2017,11.92,320,31.65,48.6,13.24,329.5,117,28.9,410,27.8,100,3.87,18.35,33.45,10.6,60.8,1317.45
18/04/2017,11.98,320,31.65,48.55,13.2,330,116,27.9,425,28.1,100.5,3.85,18.3,33.35,10.6,61.3,1326.29
19/04/2017,12.02,321.5,31.65,48.6,13.24,330,116,28.45,425,28,100.5,3.88,18.3,33.35,10.43,60.9,1327.19
21/04/2017,12.09,319,31.6,48.925,13.2,333,120.5,28.15,410,28.35,101,3.88,18.3,33.1,10.45,60.9,1324.1
24/04/2017,12.15,323,32,49.125,13.55,337,119.5,28.55,402,28.5,102.5,3.95,19,33.35,10.55,61.6,1333.08
25/04/2017,12.2,322.5,31.6,49.05,13.49,338.25,118.5,28.9,402,28.5,102.5,3.925,18.85,33.3,10.65,61.6,1332.11
26/04/2017,12.32,322.5,31.7,49.05,13.35,345.5,118,28.9,401,28.875,102.5,3.93,18.9,33.2,10.64,61.2,1338.83
27/04/2017,12.36,322.5,31.7,51.9,13.19,346,112.5,29,410,28.45,102.5,4.12,18.975,33.25,10.8,61.1,1348.25
28/04/2017,12.35,325,31.8,53.9,14.26,345,116,29.2,416.5,28.5,102.5,4.2,19,33.275,10.85,61.5,1364.5
02/05/2017,12.35,324,31.75,54.9,14.3,344,117.5,29.1,400,28.35,102.5,4.18,18.95,33.1,10.92,61,1355.14
03/05/2017,12.43,326.5,31.5,54.9,14.26,346,117.5,29.3,405,28.8,102.5,4.185,18.95,33.175,11.08,62.45,1362.19
04/05/2017,12.5,325.5,31.5,54.55,14.7,363,116.5,29.5,405,29.175,104,4.18,18.95,33.45,11.2,62.3,1383.5
05/05/2017,12.5,323.5,31.5,54.7,15.6,364,116.75,30,405,29.6,104.5,4.2,19,33.55,11.26,62.9,1392.45
08/05/2017,12.52,324,31.15,54.9,16,366.5,116.75,30.5,400,29.8,107.5,4.25,19.1,33.325,11.34,62.9,1399.2
09/05/2017,12.63,327,31.15,55,16.125,368,114.5,30.1,400,30,109,4.3,19,33.1,11.45,62.65,1403.7
10/05/2017,12.54,322,31.3,55.4,16.15,360,116,31,400,29.75,109,4.24,19.15,33.4,11.6,62.45,1396.75
11/05/2017,12.48,326.5,31.3,55,16.15,357.5,116,30.8,410,29.4,106.5,4.2,19,34.25,11.2,62.7,1395.84
12/05/2017,12.48,332,31.3,55.6,15.85,360,116,31.8,409,29.5,107,4.17,18.925,34.25,11.095,62.5,1398.34
15/05/2017,12.6,335.75,31.325,55.85,15.35,360,117.5,31.8,410,29.75,107.25,4.2,18.9,34.25,11.16,62.5,1399.51
16/05/2017,12.45,335,31.1,53.65,15.2,355,118,31.8,410,29.35,105.5,4.17,18.5,33.4,11,62.5,1384.05
17/05/2017,12.7,338.5,31.35,55,15.3,363.5,119.75,31.4,410,30.1,109,4.2,18.95,33.6,11.3,62.75,1405.58
18/05/2017,12.6,332.5,31.1,54.6,14.99,356,115.5,31.5,410,29.9,107.5,4.18,18.9,33.3,11.265,61.8,1388.53
19/05/2017,12.81,332,30.7,54,14.25,352,112.5,32.9,405,29.95,109,4.2,19,33.3,11.33,61.6,1378.48
22/05/2017,12.81,331.75,30.25,52.9,13.65,350,109.5,33,405,29.95,106.5,4.17,19,33.5,11.3,60.5,1364.51
23/05/2017,12.75,337,30.45,55.2,13.7,352.5,114,33.2,406,30,107,4.18,19.1,33.5,11.29,60.5,1375.96
24/05/2017,12.68,332.5,30.1,55.2,13.7,350,114,32.4,410,29.5,106.5,4.18,18.95,33.05,11.24,61.1,1370.79
26/05/2017,12.6,327.5,29.8,54,13.75,351,111.5,32.4,410,29.25,105.5,4.22,18.9,32.7,11.24,61,1365.31
29/05/2017,12.56,323,29.5,52.7,13.42,349.5,110,32.5,410,29.7,105.5,4.18,19.05,32.85,11.2,61.4,1357.72
30/05/2017,12.43,319,28.75,52.7,13.45,346,111.25,32,406.5,29.3,104,4.17,18.9,32,11.2,60.7,1345.59
31/05/2017,12.25,316,29.1,52.7,13.41,345,111,32,435,28.825,103.5,4.21,18.65,32.1,11.09,60.7,1358.21
