"DateTime","Hagar VerÃ° ","Hagar Magn"
"2011-12-16 18:00:00",15.95,33199561
"2011-12-19 18:00:00",16.6,10000441
"2011-12-20 18:00:00",16.95,10385577
"2011-12-21 18:00:00",16.8,868572
"2011-12-22 18:00:00",16.6,2902723
"2011-12-23 18:00:00",16.35,7261424
"2011-12-27 18:00:00",16.3,605592
"2011-12-28 18:00:00",16.45,874074
"2011-12-29 18:00:00",16.5,1890570
"2011-12-30 18:00:00",16.35,1957522
"2012-01-02 18:00:00",16.45,207407
"2012-01-03 18:00:00",16.4,5228222
"2012-01-04 18:00:00",16.45,3903702
"2012-01-05 18:00:00",16.7,1632090
"2012-01-06 18:00:00",16.65,541561
"2012-01-09 18:00:00",16.9,2896160
"2012-01-10 18:00:00",17.15,3208994
"2012-01-11 18:00:00",16.95,7453740
"2012-01-12 18:00:00",16.95,5664463
"2012-01-13 18:00:00",17.1,348517
"2012-01-16 18:00:00",16.8,2488060
"2012-01-17 18:00:00",16.95,1143654
"2012-01-18 18:00:00",17.1,7114130
"2012-01-19 18:00:00",17,599999
"2012-01-20 18:00:00",17,228740
"2012-01-23 18:00:00",17.15,602484
"2012-01-24 18:00:00",17.2,639830
"2012-01-25 18:00:00",17.1,580852
"2012-01-26 18:00:00",17.15,13130633
"2012-01-27 18:00:00",16.85,3071482
"2012-01-30 18:00:00",16.95,2416166
"2012-01-31 18:00:00",16.85,205520
"2012-02-01 18:00:00",16.8,685550
"2012-02-02 18:00:00",16.75,1209554
"2012-02-03 18:00:00",16.75,181481
"2012-02-06 18:00:00",17,2738889
"2012-02-07 18:00:00",16.75,3253855
"2012-02-08 18:00:00",16.6,888333
"2012-02-09 18:00:00",16.8,3749866
"2012-02-10 18:00:00",16.9,2985183
"2012-02-13 18:00:00",16.9,2714299
"2012-02-14 18:00:00",16.9,435926
"2012-02-15 18:00:00",16.9,165950
"2012-02-16 18:00:00",16.95,4382697
"2012-02-17 18:00:00",17.25,6280676
"2012-02-20 18:00:00",17.2,207407
"2012-02-21 18:00:00",17.15,64605
"2012-02-22 18:00:00",17.15,267037
"2012-02-23 18:00:00",17.2,92838
"2012-02-24 18:00:00",17.1,622222
"2012-02-27 18:00:00",16.85,767241
"2012-02-28 18:00:00",16.85,242214
"2012-02-29 18:00:00",17.1,2568760
"2012-03-01 18:00:00",17.55,194740473
"2012-03-02 18:00:00",17.45,790185
"2012-03-05 18:00:00",17.35,1002500
"2012-03-06 18:00:00",17.3,2794656
"2012-03-07 18:00:00",17.35,14765521
"2012-03-08 18:00:00",17.4,7114483
"2012-03-09 18:00:00",17.5,3762173
"2012-03-12 18:00:00",17.55,3265963
"2012-03-13 18:00:00",17.65,3268297
"2012-03-14 18:00:00",17.6,3042093
"2012-03-15 18:00:00",17.6,8280642
"2012-03-16 18:00:00",17.6,34580
"2012-03-19 18:00:00",17.9,13845270
"2012-03-20 18:00:00",17.85,4759259
"2012-03-21 18:00:00",17.65,5228147
"2012-03-22 18:00:00",17.95,6460627
"2012-03-23 18:00:00",17.9,114815
"2012-03-26 18:00:00",17.95,1037037
"2012-03-27 18:00:00",17.85,196980
"2012-03-28 18:00:00",17.95,2273169
"2012-03-29 18:00:00",18.05,1070676
"2012-03-30 18:00:00",18.15,1277777
"2012-04-02 18:00:00",18.2,2461407
"2012-04-03 18:00:00",18.4,3589963
"2012-04-04 18:00:00",18.65,1914497
"2012-04-10 18:00:00",18.8,3784755
"2012-04-11 18:00:00",18.8,928518
"2012-04-12 18:00:00",18.75,1244000
"2012-04-13 18:00:00",18.75,0
"2012-04-16 18:00:00",18.65,320370
"2012-04-17 18:00:00",18.6,1558543
"2012-04-18 18:00:00",18.85,1344445
"2012-04-20 18:00:00",18.9,651859
"2012-04-23 18:00:00",18.9,190148
"2012-04-24 18:00:00",18.8,282591
"2012-04-25 18:00:00",18.8,154459
"2012-04-26 18:00:00",18.75,681228
"2012-04-27 18:00:00",18.85,5958059
"2012-04-30 18:00:00",18.65,3741084
"2012-05-02 18:00:00",18.65,95500
"2012-05-03 18:00:00",18.7,53531
"2012-05-04 18:00:00",18.6,22222
"2012-05-07 18:00:00",18.7,23776111
"2012-05-08 18:00:00",18.85,22401331
"2012-05-09 18:00:00",19,4678530
"2012-05-10 18:00:00",18.45,10247324
"2012-05-11 18:00:00",18.7,5179428
"2012-05-14 18:00:00",18.5,37037
"2012-05-15 18:00:00",18.5,809999
"2012-05-16 18:00:00",18.7,4176719
"2012-05-18 18:00:00",18.6,3247580
"2012-05-21 18:00:00",18.65,251851
"2012-05-22 18:00:00",18.8,3536608
"2012-05-23 18:00:00",18.9,171741
"2012-05-24 18:00:00",18.85,3273333
"2012-05-25 18:00:00",18.95,4422436
"2012-05-29 18:00:00",18.7,1159522
"2012-05-30 18:00:00",18.6,3549932
"2012-05-31 18:00:00",18.45,3331822
"2012-06-01 18:00:00",18.45,185185
"2012-06-04 18:00:00",18.6,585184
"2012-06-05 18:00:00",18.65,812997
"2012-06-06 18:00:00",18.5,3932874
"2012-06-07 18:00:00",18.45,148148
"2012-06-08 18:00:00",18.45,182385
"2012-06-11 18:00:00",18.05,285069
"2012-06-12 18:00:00",18.05,11202222
"2012-06-13 18:00:00",18.05,8038037
"2012-06-14 18:00:00",18.15,2816258
"2012-06-15 18:00:00",18.1,1821648
"2012-06-18 18:00:00",18,3228703
"2012-06-19 18:00:00",18,3526880
"2012-06-20 18:00:00",17.65,4922107
"2012-06-21 18:00:00",17.5,9468904
"2012-06-22 18:00:00",18,13107545
"2012-06-25 18:00:00",18.1,6192323
"2012-06-26 18:00:00",17.9,20078185
"2012-06-27 18:00:00",18.2,6285090
"2012-06-28 18:00:00",18.15,162962
"2012-06-29 18:00:00",18.5,2721803
"2012-07-02 18:00:00",18.3,3125232
"2012-07-03 18:00:00",18.25,770248
"2012-07-04 18:00:00",18.2,1107463
"2012-07-05 18:00:00",18.25,2943713
"2012-07-06 18:00:00",18.2,948062
"2012-07-09 18:00:00",18.4,169714
"2012-07-10 18:00:00",18.15,1615755
"2012-07-11 18:00:00",18.15,10424
"2012-07-12 18:00:00",18.15,201851
"2012-07-13 18:00:00",18.1,83214
"2012-07-16 18:00:00",18.1,33000
"2012-07-17 18:00:00",18.1,259259
"2012-07-18 18:00:00",18.1,0
"2012-07-19 18:00:00",18.2,450000
"2012-07-20 18:00:00",18.2,1800000
"2012-07-23 18:00:00",18.2,0
"2012-07-24 18:00:00",18.1,185185
"2012-07-25 18:00:00",18.1,37037
"2012-07-26 18:00:00",18,1341882
"2012-07-27 18:00:00",18,14814
"2012-07-30 18:00:00",18.1,577037
"2012-07-31 18:00:00",18.1,3000000
"2012-08-01 18:00:00",18.2,463104
"2012-08-02 18:00:00",18.3,4051102
"2012-08-03 18:00:00",18.2,3000000
"2012-08-07 18:00:00",18.3,781481
"2012-08-08 18:00:00",18.4,1592592
"2012-08-09 18:00:00",18.35,6000000
"2012-08-10 18:00:00",18.4,507999
"2012-08-13 18:00:00",18.35,102815
"2012-08-14 18:00:00",18.4,12131457
"2012-08-15 18:00:00",18.3,37037
"2012-08-16 18:00:00",18.5,580585
"2012-08-17 18:00:00",18.5,3778159
"2012-08-20 18:00:00",18.3,369556
"2012-08-21 18:00:00",18.3,2553703
"2012-08-22 18:00:00",18.1,2300000
"2012-08-23 18:00:00",18,588148
"2012-08-24 18:00:00",18,0
"2012-08-27 18:00:00",18.15,10042230
"2012-08-28 18:00:00",18.15,3696422
"2012-08-29 18:00:00",18,2292629
"2012-08-30 18:00:00",18,2353389
"2012-08-31 18:00:00",18,195109
"2012-09-03 18:00:00",17.95,850000
"2012-09-04 18:00:00",17.95,0
"2012-09-05 18:00:00",17.9,98000
"2012-09-06 18:00:00",17.95,3433777
"2012-09-07 18:00:00",18,1774117
"2012-09-10 18:00:00",18,4128819
"2012-09-11 18:00:00",17.95,87076
"2012-09-12 18:00:00",18,111111
"2012-09-13 18:00:00",18,537037
"2012-09-14 18:00:00",18.25,6979156
"2012-09-17 18:00:00",18.15,574074
"2012-09-18 18:00:00",18.3,6509966
"2012-09-19 18:00:00",18.4,6378148
"2012-09-20 18:00:00",18.8,15589294
"2012-09-21 18:00:00",18.7,135675
"2012-09-24 18:00:00",18.7,0
"2012-09-25 18:00:00",18.7,6772394
"2012-09-26 18:00:00",19,18159224
"2012-09-27 18:00:00",19,4918000
"2012-09-28 18:00:00",19.25,13388703
"2012-10-01 18:00:00",19.35,617746
"2012-10-02 18:00:00",19.4,3610300
"2012-10-03 18:00:00",19.4,1284568
"2012-10-04 18:00:00",19.15,3689572
"2012-10-05 18:00:00",19.2,5612926
"2012-10-08 18:00:00",19.2,0
"2012-10-09 18:00:00",19.3,15682777
"2012-10-10 18:00:00",19.4,1303311
"2012-10-11 18:00:00",19.25,1224444
"2012-10-12 18:00:00",19.35,4587000
"2012-10-15 18:00:00",19.4,2237037
"2012-10-16 18:00:00",19.25,37037
"2012-10-17 18:00:00",19.2,1045317
"2012-10-18 18:00:00",19.45,4670213
"2012-10-19 18:00:00",19.5,15944446
"2012-10-22 18:00:00",19.55,7111112
"2012-10-23 18:00:00",19.55,500000
"2012-10-24 18:00:00",19.55,287379
"2012-10-25 18:00:00",19.85,7939737
"2012-10-26 18:00:00",19.9,4198316
"2012-10-29 18:00:00",20.35,18414461
"2012-10-30 18:00:00",20.5,7036252
"2012-10-31 18:00:00",20.85,667593
"2012-11-01 18:00:00",21,6097317
"2012-11-02 18:00:00",21.2,11164480
"2012-11-05 18:00:00",21,8498781
"2012-11-06 18:00:00",20.7,3927037
"2012-11-07 18:00:00",20.65,409586
"2012-11-08 18:00:00",20.8,1770385
"2012-11-09 18:00:00",21.05,213112
"2012-11-12 18:00:00",21.05,5459645
"2012-11-13 18:00:00",21.05,13569762
"2012-11-14 18:00:00",21,243569
"2012-11-15 18:00:00",21.3,10786783
"2012-11-16 18:00:00",21.35,6267419
"2012-11-19 18:00:00",21.35,5624151
"2012-11-20 18:00:00",21.55,250000
"2012-11-21 18:00:00",21.3,244355
"2012-11-22 18:00:00",21.35,0
"2012-11-23 18:00:00",21.4,0
"2012-11-26 18:00:00",21.45,500000
"2012-11-27 18:00:00",21.4,17300
"2012-11-28 18:00:00",21.475,1454522
"2012-11-29 18:00:00",21.45,5557000
"2012-11-30 18:00:00",21.65,4022222
"2012-12-03 18:00:00",21.6,2533000
"2012-12-04 18:00:00",21.75,13707408
"2012-12-05 18:00:00",21.7,1665223
"2012-12-06 18:00:00",21.8,11408900
"2012-12-07 18:00:00",21.65,325131
"2012-12-10 18:00:00",21.6,3643552
"2012-12-11 18:00:00",21.55,12113029
"2012-12-12 18:00:00",21.65,2076945
"2012-12-13 18:00:00",21.65,1086865
"2012-12-14 18:00:00",21.65,0
"2012-12-17 18:00:00",21.9,8163537
"2012-12-18 18:00:00",21.9,866610
"2012-12-19 18:00:00",22,2037592
"2012-12-20 18:00:00",22.4,8197037
"2012-12-21 18:00:00",22.5,7182203
"2012-12-27 18:00:00",22.5,0
"2012-12-28 18:00:00",22.8,55344502
"2013-01-02 18:00:00",22.95,4664814
"2013-01-03 18:00:00",23.4,5219282
"2013-01-04 18:00:00",23.5,7164202
"2013-01-07 18:00:00",24.4,13923930
"2013-01-08 18:00:00",24.45,7143706
"2013-01-09 18:00:00",24.7,7026422
"2013-01-10 18:00:00",25.2,11472498
"2013-01-11 18:00:00",25,19769797
"2013-01-14 18:00:00",25,1758595
"2013-01-15 18:00:00",24.75,6111887
"2013-01-16 18:00:00",25,3060830
"2013-01-17 18:00:00",24.5,39199006
"2013-01-18 18:00:00",23.8,9964404
"2013-01-21 18:00:00",23.6,1235136
"2013-01-22 18:00:00",24,7127932
"2013-01-23 18:00:00",24.25,198740
"2013-01-24 18:00:00",24.2,211111
"2013-01-25 18:00:00",24,10991007
"2013-01-28 18:00:00",24.45,3405499
"2013-01-29 18:00:00",24.5,1061111
"2013-01-30 18:00:00",24.6,3717037
"2013-01-31 18:00:00",24.45,6242222
"2013-02-01 18:00:00",24.625,11693531
"2013-02-04 18:00:00",24.55,410322
"2013-02-05 18:00:00",24.725,7037258
"2013-02-06 18:00:00",25.1,14244815
"2013-02-07 18:00:00",25.1,1474074
"2013-02-08 18:00:00",25.65,6936330
"2013-02-11 18:00:00",25.85,752692
"2013-02-12 18:00:00",25.7,3092593
"2013-02-13 18:00:00",26.05,5105760
"2013-02-14 18:00:00",25.95,3854197
"2013-02-15 18:00:00",25.95,2165556
"2013-02-18 18:00:00",25.85,500000
"2013-02-19 18:00:00",25.9,2723092
"2013-02-20 18:00:00",25.95,1998777
"2013-02-21 18:00:00",26.15,2659417
"2013-02-22 18:00:00",26.05,2403382
"2013-02-25 18:00:00",25.95,352537
"2013-02-26 18:00:00",26,2360226
"2013-02-27 18:00:00",26.1,3088888
"2013-02-28 18:00:00",26.7,11334774
"2013-03-01 18:00:00",26.65,3434682
"2013-03-04 18:00:00",26.8,93518
"2013-03-05 18:00:00",26.85,4140204
"2013-03-06 18:00:00",27,594187
"2013-03-07 18:00:00",27,1235831
"2013-03-08 18:00:00",26.9,199685
"2013-03-11 18:00:00",27,1983746
"2013-03-12 18:00:00",26.95,61437
"2013-03-13 18:00:00",27,3853000
"2013-03-14 18:00:00",27,185000
"2013-03-15 18:00:00",27,2345320
"2013-03-18 18:00:00",27,515537
"2013-03-19 18:00:00",26.95,1690000
"2013-03-20 18:00:00",27.1,2358830
"2013-03-21 18:00:00",26.95,2207633
"2013-03-22 18:00:00",26.8,4953037
"2013-03-25 18:00:00",27.1,1500000
"2013-03-26 18:00:00",27,157399
"2013-03-27 18:00:00",27,830701
"2013-04-02 18:00:00",27,44445
"2013-04-03 18:00:00",26.45,13446783
"2013-04-04 18:00:00",26.35,1362640
"2013-04-05 18:00:00",26.8,6701479
"2013-04-08 18:00:00",26.8,516929
"2013-04-09 18:00:00",26.6,2078074
"2013-04-10 18:00:00",26.7,141111
"2013-04-11 18:00:00",26.95,2204890
"2013-04-12 18:00:00",26.8,500000
"2013-04-15 18:00:00",26.4,1849740
"2013-04-16 18:00:00",27.05,4946578
"2013-04-17 18:00:00",27.7,21388586
"2013-04-18 18:00:00",27.75,7269094
"2013-04-19 18:00:00",27.9,7155889
"2013-04-22 18:00:00",27.8,2063873
"2013-04-23 18:00:00",28.3,10780704
"2013-04-24 18:00:00",28.5,695582
"2013-04-26 18:00:00",28.6,1507036
"2013-04-29 18:00:00",28.65,65800
"2013-04-30 18:00:00",28.65,3439402
"2013-05-02 18:00:00",28.7,175150
"2013-05-03 18:00:00",28.85,276853
"2013-05-06 18:00:00",28.55,1650000
"2013-05-07 18:00:00",28.8,574074
"2013-05-08 18:00:00",28.4,4407555
"2013-05-10 18:00:00",28.05,1517257
"2013-05-13 18:00:00",27.6,3767039
"2013-05-14 18:00:00",27.8,14494480
"2013-05-15 18:00:00",27.5,3128636
"2013-05-16 18:00:00",27.85,10034211
"2013-05-17 18:00:00",28.35,19740322
"2013-05-21 18:00:00",28.6,5975244
"2013-05-22 18:00:00",28.85,3373502
"2013-05-23 18:00:00",28.65,14850
"2013-05-24 18:00:00",29,5134044
"2013-05-27 18:00:00",29,2240722
"2013-05-28 18:00:00",28.8,4670000
"2013-05-29 18:00:00",28.95,4037037
"2013-05-30 18:00:00",29,11544814
"2013-05-31 18:00:00",29.1,7812515
"2013-06-03 18:00:00",29,3080748
"2013-06-04 18:00:00",29.25,575550
"2013-06-05 18:00:00",29.1,40714
"2013-06-06 18:00:00",29,539074
"2013-06-07 18:00:00",29.25,1325266
"2013-06-10 18:00:00",29,1670145
"2013-06-11 18:00:00",29.4,7433600
"2013-06-12 18:00:00",29.8,4714970
"2013-06-13 18:00:00",30,1094981
"2013-06-14 18:00:00",29.9,826700
"2013-06-18 18:00:00",30.1,1227000
"2013-06-19 18:00:00",29.75,14814
"2013-06-20 18:00:00",30.2,8222222
"2013-06-21 18:00:00",29.9,81481
"2013-06-24 18:00:00",30.35,2675500
"2013-06-25 18:00:00",31,2261506
"2013-06-26 18:00:00",30.7,72556
"2013-06-27 18:00:00",30.8,1576030
"2013-06-28 18:00:00",31.7,8445545
"2013-07-01 18:00:00",31.45,1213200
"2013-07-02 18:00:00",31.95,2401691
"2013-07-03 18:00:00",31.85,3040036
"2013-07-04 18:00:00",32.25,5044913
"2013-07-05 18:00:00",32,564045
"2013-07-08 18:00:00",32.4,30559
"2013-07-09 18:00:00",32.45,106756
"2013-07-10 18:00:00",32.15,58560
"2013-07-11 18:00:00",32.5,508213
"2013-07-12 18:00:00",32.3,513295
"2013-07-15 18:00:00",32.55,30197
"2013-07-16 18:00:00",33,9384378
"2013-07-17 18:00:00",33,540689
"2013-07-18 18:00:00",33.5,8527067
"2013-07-19 18:00:00",33.55,1689480
"2013-07-22 18:00:00",33.45,125925
"2013-07-23 18:00:00",33.8,1539908
"2013-07-24 18:00:00",33.8,171500
"2013-07-25 18:00:00",33.45,547037
"2013-07-26 18:00:00",33.55,483346
"2013-07-29 18:00:00",33.4,64814
"2013-07-30 18:00:00",33.85,128111
"2013-07-31 18:00:00",33.45,10000
"2013-08-01 18:00:00",33.6,11291
"2013-08-02 18:00:00",34.1,2001460
"2013-08-06 18:00:00",34.25,1082543
"2013-08-07 18:00:00",34.4,570221
"2013-08-08 18:00:00",34.5,31823
"2013-08-09 18:00:00",34.45,218324
"2013-08-12 18:00:00",34.1,204537
"2013-08-13 18:00:00",34.25,2543103
"2013-08-14 18:00:00",34.25,3897051
"2013-08-15 18:00:00",34.25,254533
"2013-08-16 18:00:00",34.3,30000
"2013-08-19 18:00:00",34,535331
"2013-08-20 18:00:00",34.5,1037495
"2013-08-21 18:00:00",34.65,2730643
"2013-08-22 18:00:00",34.6,209940
"2013-08-23 18:00:00",34.7,49203
"2013-08-26 18:00:00",34.4,74058
"2013-08-27 18:00:00",34.2,1640000
"2013-08-28 18:00:00",34.75,7889160
"2013-08-29 18:00:00",34.5,53000
"2013-08-30 18:00:00",34.2,3518300
"2013-09-02 18:00:00",34.05,1352430
"2013-09-03 18:00:00",33.95,2555138
"2013-09-04 18:00:00",32.9,11098519
"2013-09-05 18:00:00",33.1,64129
"2013-09-06 18:00:00",32.55,1069516
"2013-09-09 18:00:00",32.7,1655000
"2013-09-10 18:00:00",32.6,823404
"2013-09-11 18:00:00",32.8,1019037
"2013-09-12 18:00:00",32.8,2683001
"2013-09-13 18:00:00",33,1722132
"2013-09-16 18:00:00",33,2996137
"2013-09-17 18:00:00",32.9,17917
"2013-09-18 18:00:00",33.55,6743202
"2013-09-19 18:00:00",33.55,1022300
"2013-09-20 18:00:00",33.7,521658
"2013-09-23 18:00:00",33.65,75431
"2013-09-24 18:00:00",33.7,6786359
"2013-09-25 18:00:00",33.55,3592593
"2013-09-26 18:00:00",33.6,395000
"2013-09-27 18:00:00",34.05,4004480
"2013-09-30 18:00:00",34.05,1056316
"2013-10-01 18:00:00",33.9,3061427
"2013-10-02 18:00:00",34.2,3464000
"2013-10-03 18:00:00",33.95,3213000
"2013-10-04 18:00:00",34,1804394
"2013-10-07 18:00:00",33.95,21500
"2013-10-08 18:00:00",33.95,0
"2013-10-09 18:00:00",33.6,2205955
"2013-10-10 18:00:00",33.5,3593987
"2013-10-11 18:00:00",33.7,322222
"2013-10-14 18:00:00",33.6,700577
"2013-10-15 18:00:00",33.7,235720
"2013-10-16 18:00:00",33.6,162367
"2013-10-17 18:00:00",33.7,820281
"2013-10-18 18:00:00",34,1727988
"2013-10-21 18:00:00",34.2,1641774
"2013-10-22 18:00:00",34.2,250000
"2013-10-23 18:00:00",34.4,634635
"2013-10-24 18:00:00",34.75,6109543
"2013-10-25 18:00:00",34.95,22613370
"2013-10-28 18:00:00",35.2,66400
"2013-10-29 18:00:00",36.15,7144211
"2013-10-30 18:00:00",37,7872679
"2013-10-31 18:00:00",36.7,4089840
"2013-11-01 18:00:00",36.55,105046
"2013-11-04 18:00:00",36.6,3520000
"2013-11-05 18:00:00",36.9,826854
"2013-11-06 18:00:00",36.95,2816705
"2013-11-07 18:00:00",36.75,4762976
"2013-11-08 18:00:00",36.75,0
"2013-11-11 18:00:00",37,43369
"2013-11-12 18:00:00",36.8,307815
"2013-11-13 18:00:00",36.5,2775749
"2013-11-14 18:00:00",36.7,1218500
"2013-11-15 18:00:00",36.5,86408
"2013-11-18 18:00:00",36.45,137976
"2013-11-19 18:00:00",36.9,1900000
"2013-11-20 18:00:00",37.3,1782455
"2013-11-21 18:00:00",37.35,103724
"2013-11-22 18:00:00",37.05,70064
"2013-11-25 18:00:00",37,1739628
"2013-11-26 18:00:00",37.1,1494376
"2013-11-27 18:00:00",37.45,463845
"2013-11-28 18:00:00",37.4,931362
"2013-11-29 18:00:00",37.3,127849
"2013-12-02 18:00:00",37.3,28500
"2013-12-03 18:00:00",37.65,4002232
"2013-12-04 18:00:00",38,3888970
"2013-12-05 18:00:00",37.65,356758
"2013-12-06 18:00:00",38,1320326
"2013-12-09 18:00:00",37.9,660478
"2013-12-10 18:00:00",38.3,5706680
"2013-12-11 18:00:00",38.2,486000
"2013-12-12 18:00:00",37.85,5457291
"2013-12-13 18:00:00",38,400000
"2013-12-16 18:00:00",38.2,120171
"2013-12-17 18:00:00",37.9,610853
"2013-12-18 18:00:00",38.05,887000
"2013-12-19 18:00:00",38.1,107408
"2013-12-20 18:00:00",38.1,50000
"2013-12-23 18:00:00",38.15,1182231
"2013-12-27 18:00:00",38,441855
"2013-12-30 18:00:00",38.4,2192710
"2014-01-02 18:00:00",38.65,3588834
"2014-01-03 18:00:00",39.85,4823231
"2014-01-06 18:00:00",40.05,8581391
"2014-01-07 18:00:00",40,3675221
"2014-01-08 18:00:00",40,3415000
"2014-01-09 18:00:00",40,3102880
"2014-01-10 18:00:00",40.55,11257776
"2014-01-13 18:00:00",40.5,277274
"2014-01-14 18:00:00",40.6,3484250
"2014-01-15 18:00:00",40.65,4027445
"2014-01-16 18:00:00",41.95,15464846
"2014-01-17 18:00:00",42.6,6191968
"2014-01-20 18:00:00",43.15,7032198
"2014-01-21 18:00:00",43,2397303
"2014-01-22 18:00:00",43,1040180
"2014-01-23 18:00:00",43.5,2292600
"2014-01-24 18:00:00",43.45,85743
"2014-01-27 18:00:00",43,1593805
"2014-01-28 18:00:00",42.6,9896805
"2014-01-29 18:00:00",43,2005093
"2014-01-30 18:00:00",43.2,2093470
"2014-01-31 18:00:00",43.2,0
"2014-02-03 18:00:00",42.9,1170433
"2014-02-04 18:00:00",43,708433
"2014-02-05 18:00:00",43,1135352
"2014-02-06 18:00:00",42.7,1321911
"2014-02-07 18:00:00",42.65,1160000
"2014-02-10 18:00:00",42.55,708072
"2014-02-11 18:00:00",43,1400000
"2014-02-12 18:00:00",42.8,3533350
"2014-02-13 18:00:00",42.85,1207178
"2014-02-14 18:00:00",43.3,6587551
"2014-02-17 18:00:00",43.35,529513
"2014-02-18 18:00:00",43.2,1576962
"2014-02-19 18:00:00",43.35,4021300
"2014-02-20 18:00:00",43,4335632
"2014-02-21 18:00:00",43,2511770
"2014-02-24 18:00:00",41.85,124147973
"2014-02-25 18:00:00",40.65,6695724
"2014-02-26 18:00:00",40.9,3086250
"2014-02-27 18:00:00",41.25,2468319
"2014-02-28 18:00:00",41.2,3137890
"2014-03-03 18:00:00",41,324038
"2014-03-04 18:00:00",41.2,473444
"2014-03-05 18:00:00",41.4,1158335
"2014-03-06 18:00:00",41.075,7851756
"2014-03-07 18:00:00",40.85,37423
"2014-03-10 18:00:00",41.3,696942
"2014-03-11 18:00:00",40.95,568469
"2014-03-12 18:00:00",40.9,1268000
"2014-03-13 18:00:00",40.5,4244583
"2014-03-14 18:00:00",40.7,1877779
"2014-03-17 18:00:00",41,5444250
"2014-03-18 18:00:00",40.85,1231481
"2014-03-19 18:00:00",41.15,5905000
"2014-03-20 18:00:00",41,21100
"2014-03-21 18:00:00",41.15,3081644
"2014-03-24 18:00:00",41.35,283200
"2014-03-25 18:00:00",41.7,4284695
"2014-03-26 18:00:00",41.5,2041163
"2014-03-27 18:00:00",41.5,452682
"2014-03-28 18:00:00",41.65,2222143
"2014-03-31 18:00:00",41.7,78518
"2014-04-01 18:00:00",41.75,291073
"2014-04-02 18:00:00",41.75,92637
"2014-04-03 18:00:00",42,300
"2014-04-04 18:00:00",42.05,3725262
"2014-04-07 18:00:00",42.25,139186
"2014-04-08 18:00:00",42.1,459593
"2014-04-09 18:00:00",42.3,2058592
"2014-04-10 18:00:00",42.2,602000
"2014-04-11 18:00:00",42.2,1648971
"2014-04-14 18:00:00",41.95,1158830
"2014-04-15 18:00:00",41.95,2531210
"2014-04-16 18:00:00",42.05,206144
"2014-04-22 18:00:00",41.95,402663
"2014-04-23 18:00:00",41.9,5095803
"2014-04-25 18:00:00",41.9,3185400
"2014-04-28 18:00:00",42.35,4619544
"2014-04-29 18:00:00",42.4,331147
"2014-04-30 18:00:00",42.1,5543013
"2014-05-02 18:00:00",42,1250000
"2014-05-05 18:00:00",42.35,406200
"2014-05-06 18:00:00",42.3,771742
"2014-05-07 18:00:00",42.1,191883
"2014-05-08 18:00:00",42.3,800000
"2014-05-09 18:00:00",42.6,1620750
"2014-05-12 18:00:00",42.5,4413050
"2014-05-13 18:00:00",42.35,2058037
"2014-05-14 18:00:00",42.4,235000
"2014-05-15 18:00:00",42.5,4090651
"2014-05-16 18:00:00",43,19367423
"2014-05-19 18:00:00",43,2862643
"2014-05-20 18:00:00",43.7,6587500
"2014-05-21 18:00:00",44.3,2272506
"2014-05-22 18:00:00",44.8,7628998
"2014-05-23 18:00:00",44.7,3460542
"2014-05-26 18:00:00",44.6,2340172
"2014-05-27 18:00:00",44.4,260278
"2014-05-28 18:00:00",44.35,7532538
"2014-05-30 18:00:00",44.6,1427000
"2014-06-02 18:00:00",45,3586894
"2014-06-03 18:00:00",44.9,2763200
"2014-06-04 18:00:00",45.35,933529
"2014-06-05 18:00:00",45.3,2695094
"2014-06-06 18:00:00",45,2005000
"2014-06-10 18:00:00",44.65,2805972
"2014-06-11 18:00:00",44.5,799314
"2014-06-12 18:00:00",44.6,9678415
"2014-06-13 18:00:00",44.3,1097637
"2014-06-16 18:00:00",44.475,3004735
"2014-06-18 18:00:00",44.7,1550453
"2014-06-19 18:00:00",44.8,4420500
"2014-06-20 18:00:00",44.75,2357101
"2014-06-23 18:00:00",44.45,2627105
"2014-06-24 18:00:00",44.6,1269093
"2014-06-25 18:00:00",44.75,3102250
"2014-06-26 18:00:00",44.55,138939
"2014-06-27 18:00:00",44.6,3977368
"2014-06-30 18:00:00",44.6,2550319
"2014-07-01 18:00:00",43.8,5022619
"2014-07-02 18:00:00",43.2,4657500
"2014-07-03 18:00:00",43.2,8512473
"2014-07-04 18:00:00",43.7,1320785
"2014-07-07 18:00:00",43.4,41900
"2014-07-08 18:00:00",43.3,2912315
"2014-07-09 18:00:00",42.65,1017335
"2014-07-10 18:00:00",42.65,720990
"2014-07-11 18:00:00",42.65,146498
"2014-07-14 18:00:00",43,1538333
"2014-07-15 18:00:00",42.5,1742000
"2014-07-16 18:00:00",42,6378752
"2014-07-17 18:00:00",41.85,2108144
"2014-07-18 18:00:00",42.05,1001200
"2014-07-21 18:00:00",42.35,86452
"2014-07-22 18:00:00",41.75,86000
"2014-07-23 18:00:00",41.75,67500
"2014-07-24 18:00:00",42.25,511806
"2014-07-25 18:00:00",41.8,202169
"2014-07-28 18:00:00",41.6,1720133
"2014-07-29 18:00:00",41.6,29629
"2014-07-30 18:00:00",41.6,47500
"2014-07-31 18:00:00",41.6,2732055
"2014-08-01 18:00:00",41.6,1005596
"2014-08-05 18:00:00",41.3,933333
"2014-08-06 18:00:00",41.3,25000
"2014-08-07 18:00:00",41.55,5000000
"2014-08-08 18:00:00",41.55,839151
"2014-08-11 18:00:00",42,1039160
"2014-08-12 18:00:00",43.3,11961000
"2014-08-13 18:00:00",43,768000
"2014-08-14 18:00:00",43.25,500000
"2014-08-15 18:00:00",43.5,909735
"2014-08-18 18:00:00",43.5,51021
"2014-08-19 18:00:00",43.5,1000000
"2014-08-20 18:00:00",44.35,2286820
"2014-08-21 18:00:00",44.5,709326
"2014-08-22 18:00:00",45,3200758
"2014-08-25 18:00:00",44.4,2071864
"2014-08-26 18:00:00",44.4,2546000
"2014-08-27 18:00:00",44.6,6663145
"2014-08-28 18:00:00",44.75,236258
"2014-08-29 18:00:00",45,6450292
"2014-09-01 18:00:00",45.25,2366331
"2014-09-02 18:00:00",44.8,3710812
"2014-09-03 18:00:00",45,9069000
"2014-09-04 18:00:00",45.35,3390074
"2014-09-05 18:00:00",44.95,462500
"2014-09-08 18:00:00",45.25,1106760
"2014-09-09 18:00:00",45,1218806
"2014-09-10 18:00:00",45.4,639003
"2014-09-11 18:00:00",45,1636500
"2014-09-12 18:00:00",45.1,2550622
"2014-09-15 18:00:00",45.15,1243026
"2014-09-16 18:00:00",45.05,51439
"2014-09-17 18:00:00",45.1,678000
"2014-09-18 18:00:00",45.25,122075
"2014-09-19 18:00:00",45.25,0
"2014-09-22 18:00:00",45.1,173000
"2014-09-23 18:00:00",45.3,55981
"2014-09-24 18:00:00",44.85,27500
"2014-09-25 18:00:00",44.75,2034469
"2014-09-26 18:00:00",44.2,63516
"2014-09-29 18:00:00",44.2,32000
"2014-09-30 18:00:00",44.5,582909
"2014-10-01 18:00:00",44.4,42829
"2014-10-02 18:00:00",44.7,176246
"2014-10-03 18:00:00",44.5,819148
"2014-10-06 18:00:00",44.5,651085
"2014-10-07 18:00:00",45,302000
"2014-10-08 18:00:00",44.7,1443476
"2014-10-09 18:00:00",45,44000
"2014-10-10 18:00:00",45.3,3649637
"2014-10-13 18:00:00",45,2326500
"2014-10-14 18:00:00",45,1431141
"2014-10-15 18:00:00",45.15,642457
"2014-10-16 18:00:00",44.7,6986260
"2014-10-17 18:00:00",44.7,246500
"2014-10-20 18:00:00",44.7,0
"2014-10-21 18:00:00",44.8,1053600
"2014-10-22 18:00:00",45.1,1789309
"2014-10-23 18:00:00",46,4549835
"2014-10-24 18:00:00",44.1,4465000
"2014-10-27 18:00:00",42.7,4039489
"2014-10-28 18:00:00",42.2,1570951
"2014-10-29 18:00:00",42.5,2139968
"2014-10-30 18:00:00",42.55,1535000
"2014-10-31 18:00:00",42.2,2474000
"2014-11-03 18:00:00",42.15,3096840
"2014-11-04 18:00:00",42.05,4235478
"2014-11-05 18:00:00",42.05,5163477
"2014-11-06 18:00:00",41.75,1710000
"2014-11-07 18:00:00",42,2734016
"2014-11-10 18:00:00",42.2,1026200
"2014-11-11 18:00:00",41.9,1000000
"2014-11-12 18:00:00",41.5,549700
"2014-11-13 18:00:00",42.05,3173900
"2014-11-14 18:00:00",41.7,321190
"2014-11-17 18:00:00",42,8455813
"2014-11-18 18:00:00",42.35,1115560
"2014-11-19 18:00:00",42.7,6247618
"2014-11-20 18:00:00",42.45,802465
"2014-11-21 18:00:00",42.6,720464
"2014-11-24 18:00:00",42.6,1292500
"2014-11-25 18:00:00",42.8,157000
"2014-11-26 18:00:00",42.8,2911000
"2014-11-27 18:00:00",42.5,1598000
"2014-11-28 18:00:00",42.2,3559860
"2014-12-01 18:00:00",41.75,3556800
"2014-12-02 18:00:00",42.25,6444422
"2014-12-03 18:00:00",42.35,955848
"2014-12-04 18:00:00",43.1,2817063
"2014-12-05 18:00:00",42.8,2264499
"2014-12-08 18:00:00",42.4,3592619
"2014-12-09 18:00:00",42.5,7626713
"2014-12-10 18:00:00",42.8,2738623
"2014-12-11 18:00:00",42.8,3638109
"2014-12-12 18:00:00",42.75,1789864
"2014-12-15 18:00:00",42.8,3112284
"2014-12-16 18:00:00",42.6,469044
"2014-12-17 18:00:00",42.2,7756110
"2014-12-18 18:00:00",40.9,7077611
"2014-12-19 18:00:00",40.6,3171111
"2014-12-22 18:00:00",40.45,2163615
"2014-12-23 18:00:00",40.35,1252435
"2014-12-29 18:00:00",40.05,325000
"2014-12-30 18:00:00",40.45,3004563
"2015-01-02 18:00:00",40.4,3664477
"2015-01-05 18:00:00",40.9,4472549
"2015-01-06 18:00:00",41.65,3832580
"2015-01-07 18:00:00",42.2,3724002
"2015-01-08 18:00:00",42,600000
"2015-01-09 18:00:00",42,3265220
"2015-01-12 18:00:00",42.1,2538837
"2015-01-13 18:00:00",42.9,6298873
"2015-01-14 18:00:00",43.3,626334
"2015-01-15 18:00:00",44.2,6912122
"2015-01-16 18:00:00",43.4,6620932
"2015-01-19 18:00:00",43.05,1662284
"2015-01-20 18:00:00",43.2,1524949
"2015-01-21 18:00:00",42.4,4717750
"2015-01-22 18:00:00",42.6,2522323
"2015-01-23 18:00:00",42.4,2189233
"2015-01-26 18:00:00",42.4,2530000
"2015-01-27 18:00:00",41.9,1964976
"2015-01-28 18:00:00",41.5,2829663
"2015-01-29 18:00:00",41.7,2382378
"2015-01-30 18:00:00",41.8,3059156
"2015-02-02 18:00:00",41.85,610564
"2015-02-03 18:00:00",42,207652
"2015-02-04 18:00:00",41.95,393807
"2015-02-05 18:00:00",42.4,3870000
"2015-02-06 18:00:00",42.25,2182000
"2015-02-09 18:00:00",42.275,4058195
"2015-02-10 18:00:00",42.2,5745772
"2015-02-11 18:00:00",42.2,15000
"2015-02-12 18:00:00",42.4,1720257
"2015-02-13 18:00:00",42.4,232000
"2015-02-16 18:00:00",42.5,556000
"2015-02-17 18:00:00",42.7,4571664
"2015-02-18 18:00:00",42.8,2424765
"2015-02-19 18:00:00",43,3013846
"2015-02-20 18:00:00",42.8,1159900
"2015-02-23 18:00:00",42.9,491000
"2015-02-24 18:00:00",42.8,730000
"2015-02-25 18:00:00",43.1,2762054
"2015-02-26 18:00:00",43.9,6358124
"2015-02-27 18:00:00",44.1,819896
"2015-03-02 18:00:00",44.225,911280
"2015-03-03 18:00:00",44.5,26950
"2015-03-04 18:00:00",45.05,4158210
"2015-03-05 18:00:00",44.8,2015558
"2015-03-06 18:00:00",44.9,611667
"2015-03-09 18:00:00",44.6,1588200
"2015-03-10 18:00:00",44.05,2697460
"2015-03-11 18:00:00",44.1,1075800
"2015-03-12 18:00:00",43.95,2040000
"2015-03-13 18:00:00",43.8,104000
"2015-03-16 18:00:00",43.5,2276526
"2015-03-17 18:00:00",43.5,1408152
"2015-03-18 18:00:00",43.2,1235631
"2015-03-19 18:00:00",43.2,0
"2015-03-20 18:00:00",43.7,420951
"2015-03-23 18:00:00",43.85,1044016
"2015-03-24 18:00:00",43,2015257
"2015-03-25 18:00:00",42,4436700
"2015-03-26 18:00:00",41.9,800000
"2015-03-27 18:00:00",41.95,481329
"2015-03-30 18:00:00",42.5,1421810
"2015-03-31 18:00:00",42.25,1152817
"2015-04-01 18:00:00",42.4,1007125
"2015-04-07 18:00:00",42.35,129250
"2015-04-08 18:00:00",42.3,230949
"2015-04-09 18:00:00",42.8,2946000
"2015-04-10 18:00:00",42.7,69600
"2015-04-13 18:00:00",42.7,500000
"2015-04-14 18:00:00",42.6,781500
"2015-04-15 18:00:00",42.65,397000
"2015-04-16 18:00:00",42.6,7526163
"2015-04-17 18:00:00",42.3,120000
"2015-04-20 18:00:00",42.8,253912
"2015-04-21 18:00:00",42,1578726
"2015-04-22 18:00:00",42.25,2128640
"2015-04-24 18:00:00",42.35,521399
"2015-04-27 18:00:00",42.05,711176
"2015-04-28 18:00:00",41.9,594475
"2015-04-29 18:00:00",41.85,384245
"2015-04-30 18:00:00",41.7,40959
"2015-05-04 18:00:00",42.3,691627
"2015-05-05 18:00:00",42,1433334
"2015-05-06 18:00:00",42,2516436
"2015-05-07 18:00:00",42,0
"2015-05-08 18:00:00",41.85,5175054
"2015-05-11 18:00:00",42.7,5589966
"2015-05-12 18:00:00",43.4,4701560
"2015-05-13 18:00:00",41.8,8674900
"2015-05-15 18:00:00",41.2,2530927
"2015-05-18 18:00:00",40.6,7500000
"2015-05-19 18:00:00",40.3,880184
"2015-05-20 18:00:00",40.05,2040235
"2015-05-21 18:00:00",40,4468806
"2015-05-22 18:00:00",39.3,7324400
"2015-05-26 18:00:00",39.75,6482000
"2015-05-27 18:00:00",40.5,3754058
"2015-05-28 18:00:00",39.9,2556700
"2015-05-29 18:00:00",40,5923835
"2015-06-01 18:00:00",39.8,547923
"2015-06-02 18:00:00",39.8,1000000
"2015-06-03 18:00:00",39.25,7122912
"2015-06-04 18:00:00",37.6,12003506
"2015-06-05 18:00:00",36.3,2725280
"2015-06-08 18:00:00",36.7,4611520
"2015-06-09 18:00:00",37.2,3272463
"2015-06-10 18:00:00",37,526000
"2015-06-11 18:00:00",36.35,2540000
"2015-06-12 18:00:00",36.6,2507408
"2015-06-15 18:00:00",36.4,57935
"2015-06-16 18:00:00",36.05,1879000
"2015-06-18 18:00:00",36,61646
"2015-06-19 18:00:00",36.25,1515456
"2015-06-22 18:00:00",36.5,1300000
"2015-06-23 18:00:00",36.6,407000
"2015-06-24 18:00:00",37.1,1516500
"2015-06-25 18:00:00",37.2,15779
"2015-06-26 18:00:00",37.25,1075000
"2015-06-29 18:00:00",36.9,1700276
"2015-06-30 18:00:00",36.3,1780000
"2015-07-01 18:00:00",36.3,7921483
"2015-07-02 18:00:00",37,5711196
"2015-07-03 18:00:00",37.15,2015000
"2015-07-06 18:00:00",37.5,59200
"2015-07-07 18:00:00",37.1,454775
"2015-07-08 18:00:00",37.6,1708727
"2015-07-09 18:00:00",37.55,2038300
"2015-07-10 18:00:00",37.5,2508650
"2015-07-13 18:00:00",37.25,23550
"2015-07-14 18:00:00",37.4,1054000
"2015-07-15 18:00:00",37.25,1022000
"2015-07-16 18:00:00",36.9,784986
"2015-07-17 18:00:00",36.95,8000
"2015-07-20 18:00:00",37.3,14000
"2015-07-21 18:00:00",37.4,7902
"2015-07-22 18:00:00",37,779338
"2015-07-23 18:00:00",36.55,391757
"2015-07-24 18:00:00",36.6,544589
"2015-07-27 18:00:00",36.5,60495
"2015-07-28 18:00:00",36.15,5080308
"2015-07-29 18:00:00",36,989386
"2015-07-30 18:00:00",36.35,2388589
"2015-07-31 18:00:00",36.3,2369729
"2015-08-04 18:00:00",36.6,1818762
"2015-08-05 18:00:00",36.4,888240
"2015-08-06 18:00:00",36.3,150490
"2015-08-07 18:00:00",36.35,20987
"2015-08-10 18:00:00",36.35,0
"2015-08-11 18:00:00",37.1,6290000
"2015-08-12 18:00:00",37.95,6390525
"2015-08-13 18:00:00",38.75,11159805
"2015-08-14 18:00:00",38.85,8501519
"2015-08-17 18:00:00",38.7,7635000
"2015-08-18 18:00:00",39,48275
"2015-08-19 18:00:00",39.4,5963000
"2015-08-20 18:00:00",39.9,3458152
"2015-08-21 18:00:00",39.6,1540000
"2015-08-24 18:00:00",38.85,6121762
"2015-08-25 18:00:00",39.1,1600000
"2015-08-26 18:00:00",38.9,2139907
"2015-08-27 18:00:00",39,5735400
"2015-08-28 18:00:00",39.35,1650000
"2015-08-31 18:00:00",39.75,4735163
"2015-09-01 18:00:00",39.7,700000
"2015-09-02 18:00:00",39.75,489500
"2015-09-03 18:00:00",39.5,526128
"2015-09-04 18:00:00",40,51000
"2015-09-07 18:00:00",39.9,2673445
"2015-09-08 18:00:00",40.75,2856984
"2015-09-09 18:00:00",41.65,10760000
"2015-09-10 18:00:00",41.4,3240333
"2015-09-11 18:00:00",41.45,1471512
"2015-09-14 18:00:00",41.4,4083284
"2015-09-15 18:00:00",41.85,6797694
"2015-09-16 18:00:00",41.8,1302938
"2015-09-17 18:00:00",42.25,1200
"2015-09-18 18:00:00",41.75,377985
"2015-09-21 18:00:00",41.75,609230
"2015-09-22 18:00:00",42.075,4775518
"2015-09-23 18:00:00",41.75,3387092
"2015-09-24 18:00:00",42.05,1900000
"2015-09-25 18:00:00",41.85,1734111
"2015-09-28 18:00:00",42.3,321463
"2015-09-29 18:00:00",42,624814
"2015-09-30 18:00:00",42,3021350
"2015-10-01 18:00:00",42.35,2555674
"2015-10-02 18:00:00",42.4,5465000
"2015-10-05 18:00:00",43,723237
"2015-10-06 18:00:00",42.5,2429772
"2015-10-07 18:00:00",42.55,2105758
"2015-10-08 18:00:00",43,4007022
"2015-10-09 18:00:00",42.65,4676645
"2015-10-12 18:00:00",42.6,315000
"2015-10-13 18:00:00",43.2,5806296
"2015-10-14 18:00:00",42.85,6726840
"2015-10-15 18:00:00",42.9,36055
"2015-10-16 18:00:00",42.85,2047012
"2015-10-19 18:00:00",43,886777
"2015-10-20 18:00:00",42.7,1434074
"2015-10-21 18:00:00",42.4,6116354
"2015-10-22 18:00:00",43,5489929
"2015-10-23 18:00:00",43.15,6684100
"2015-10-26 18:00:00",43.5,3966760
"2015-10-27 18:00:00",43.55,2336000
"2015-10-28 18:00:00",43,2643219
"2015-10-29 18:00:00",45,27695983
"2015-10-30 18:00:00",44.9,10965832
"2015-11-02 18:00:00",44.35,526536
"2015-11-03 18:00:00",44.45,4906703
"2015-11-04 18:00:00",44.65,5531544
"2015-11-05 18:00:00",44.3,4456025
"2015-11-06 18:00:00",44.3,0
"2015-11-09 18:00:00",43.75,162827
"2015-11-10 18:00:00",43.75,4728
"2015-11-11 18:00:00",44.5,6168000
"2015-11-12 18:00:00",44.65,4124606
"2015-11-13 18:00:00",45,2565000
"2015-11-16 18:00:00",45,1310900
"2015-11-17 18:00:00",44.1,1091000
"2015-11-18 18:00:00",43.8,2044000
"2015-11-19 18:00:00",44,1704335
"2015-11-20 18:00:00",44,57000
"2015-11-23 18:00:00",44.15,2826625
"2015-11-24 18:00:00",44.5,1160000
"2015-11-25 18:00:00",44.35,539912
"2015-11-26 18:00:00",44.1,270000
"2015-11-27 18:00:00",44.1,150000
"2015-11-30 18:00:00",44.1,2642950
"2015-12-01 18:00:00",44.2,100000
"2015-12-02 18:00:00",45.6,8942900
"2015-12-03 18:00:00",45.5,115193
"2015-12-04 18:00:00",45.5,2046530
"2015-12-07 18:00:00",45.5,0
"2015-12-08 18:00:00",46,4437986
"2015-12-09 18:00:00",45.45,1385000
"2015-12-10 18:00:00",45.75,99000
"2015-12-11 18:00:00",45.45,88000
"2015-12-14 18:00:00",44.8,13162733
"2015-12-15 18:00:00",44.65,756700
"2015-12-16 18:00:00",45.1,555324
"2015-12-17 18:00:00",45.1,3069000
"2015-12-18 18:00:00",44.5,92560
"2015-12-21 18:00:00",44.55,1915740
"2015-12-22 18:00:00",44.55,23225
"2015-12-23 18:00:00",44.55,20700
"2015-12-28 18:00:00",44.45,40178
"2015-12-29 18:00:00",44.45,4610874
"2015-12-30 18:00:00",44.8,689300
"2016-01-04 18:00:00",45,12271874
"2016-01-05 18:00:00",45.6,3677000
"2016-01-06 18:00:00",45.8,6782543
"2016-01-07 18:00:00",46.1,5583000
"2016-01-08 18:00:00",46.3,2340142
"2016-01-11 18:00:00",46.1,7500000
"2016-01-12 18:00:00",47.1,5007482
"2016-01-13 18:00:00",47.75,6364864
"2016-01-14 18:00:00",46.15,6110000
"2016-01-15 18:00:00",45.7,6454500
"2016-01-18 18:00:00",45.225,8925119
"2016-01-19 18:00:00",45.95,8151084
"2016-01-20 18:00:00",45.05,4436000
"2016-01-21 18:00:00",45.6,3840000
"2016-01-22 18:00:00",46.15,6548422
"2016-01-25 18:00:00",46.1,38169
"2016-01-26 18:00:00",45.8,2800000
"2016-01-27 18:00:00",46.25,1885300
"2016-01-28 18:00:00",46.15,2500000
"2016-01-29 18:00:00",46.15,0
"2016-02-01 18:00:00",45.8,4250000
"2016-02-02 18:00:00",45.5,1760000
"2016-02-03 18:00:00",45.8,69806
"2016-02-04 18:00:00",45.8,0
"2016-02-05 18:00:00",45.3,7408
"2016-02-08 18:00:00",44.4,5530033
"2016-02-09 18:00:00",44.6,9801200
"2016-02-10 18:00:00",44.5,3100000
"2016-02-11 18:00:00",43.75,2062037
"2016-02-12 18:00:00",44,1822497
"2016-02-15 18:00:00",43.95,1019234
"2016-02-16 18:00:00",43.8,1082909
"2016-02-17 18:00:00",44.35,3827032
"2016-02-18 18:00:00",44.4,1090000
"2016-02-19 18:00:00",44,306452
"2016-02-22 18:00:00",44.8,8535000
"2016-02-23 18:00:00",45.35,8484800
"2016-02-24 18:00:00",45.45,1096746
"2016-02-25 18:00:00",46.15,8231111
"2016-02-26 18:00:00",46.45,6514000
"2016-02-29 18:00:00",46.9,988614
"2016-03-01 18:00:00",47.6,6953477
"2016-03-02 18:00:00",48,2198058
"2016-03-03 18:00:00",48,1697944
"2016-03-04 18:00:00",48.2,643137
"2016-03-07 18:00:00",48.25,2004456
"2016-03-08 18:00:00",47.85,4456550
"2016-03-09 18:00:00",47.95,1279009
"2016-03-10 18:00:00",48.7,7907900
"2016-03-11 18:00:00",48.85,3597504
"2016-03-14 18:00:00",49,1964000
"2016-03-15 18:00:00",49.5,5254054
"2016-03-16 18:00:00",48.9,5303000
"2016-03-17 18:00:00",48.4,2504000
"2016-03-18 18:00:00",49.2,4122000
"2016-03-21 18:00:00",49.1,1051774
"2016-03-22 18:00:00",48.65,291000
"2016-03-23 18:00:00",48.8,2500000
"2016-03-29 18:00:00",48.3,2511000
"2016-03-30 18:00:00",48.6,1619000
"2016-03-31 18:00:00",48.625,45000
"2016-04-01 18:00:00",48.575,1312000
"2016-04-04 18:00:00",48.55,689237
"2016-04-05 18:00:00",48.4,5069580
"2016-04-06 18:00:00",48.2,750000
"2016-04-07 18:00:00",48.7,1083837
"2016-04-08 18:00:00",48.25,353806
"2016-04-11 18:00:00",48.5,551000
"2016-04-12 18:00:00",48.05,3894560
"2016-04-13 18:00:00",48.4,6019500
"2016-04-14 18:00:00",48.4,0
"2016-04-15 18:00:00",49.1,8641749
"2016-04-18 18:00:00",49,2301000
"2016-04-19 18:00:00",49.35,1021000
"2016-04-20 18:00:00",49.1,3343211
"2016-04-22 18:00:00",49.1,1634000
"2016-04-25 18:00:00",48.6,1380598
"2016-04-26 18:00:00",48.55,524706
"2016-04-27 18:00:00",49.1,2042000
"2016-04-28 18:00:00",48.7,3270640
"2016-04-29 18:00:00",48,4219030
"2016-05-02 18:00:00",47.1,3519895
"2016-05-03 18:00:00",48,2967314
"2016-05-04 18:00:00",48.8,4714439
"2016-05-06 18:00:00",48.4,12219358
"2016-05-09 18:00:00",48.65,900000
"2016-05-10 18:00:00",48.55,8257000
"2016-05-11 18:00:00",49.15,520000
"2016-05-12 18:00:00",48.8,2040598
"2016-05-13 18:00:00",49,13333223
"2016-05-17 18:00:00",48.2,1803678
"2016-05-18 18:00:00",48.4,8463592
"2016-05-19 18:00:00",47.35,3390000
"2016-05-20 18:00:00",47.35,2638214
"2016-05-23 18:00:00",47.8,8999000
"2016-05-24 18:00:00",48.4,4814000
"2016-05-25 18:00:00",48,6657008
"2016-05-26 18:00:00",48.35,3732002
"2016-05-27 18:00:00",48.35,4575980
"2016-05-30 18:00:00",48.1,2749150
"2016-05-31 18:00:00",48,6289054
"2016-06-01 18:00:00",48.5,1823027
"2016-06-02 18:00:00",48.1,715900
"2016-06-03 18:00:00",47.5,4038409
"2016-06-06 18:00:00",45.65,22386743
"2016-06-07 18:00:00",45,4217822
"2016-06-08 18:00:00",44.05,7594000
"2016-06-09 18:00:00",43.9,117977
"2016-06-10 18:00:00",44.55,4738400
"2016-06-13 18:00:00",44.1,99000
"2016-06-14 18:00:00",44.65,42202
"2016-06-15 18:00:00",45.5,4194925
"2016-06-16 18:00:00",47,3220000
"2016-06-20 18:00:00",47,1052727
"2016-06-21 18:00:00",48,5698247
"2016-06-22 18:00:00",47.65,1100000
"2016-06-23 18:00:00",47.65,0
"2016-06-24 18:00:00",46.7,2096200
"2016-06-27 18:00:00",45,5641000
"2016-06-28 18:00:00",46.3,5578950
"2016-06-29 18:00:00",46.95,5759984
"2016-06-30 18:00:00",47.7,19408037
"2016-07-01 18:00:00",47.8,15338140
"2016-07-04 18:00:00",47,1106384
"2016-07-05 18:00:00",46.9,139356
"2016-07-06 18:00:00",46.75,1023279
"2016-07-07 18:00:00",46.7,5000000
"2016-07-08 18:00:00",46.7,2550000
"2016-07-11 18:00:00",46.85,2062991
"2016-07-12 18:00:00",46.9,2827606
"2016-07-13 18:00:00",47.15,4197138
"2016-07-14 18:00:00",47.475,1700000
"2016-07-15 18:00:00",47.8,6062000
"2016-07-18 18:00:00",47.7,3322081
"2016-07-19 18:00:00",48.1,1521039
"2016-07-20 18:00:00",47.5,1000000
"2016-07-21 18:00:00",47.5,0
"2016-07-22 18:00:00",47.6,79892
"2016-07-25 18:00:00",47.15,377320
"2016-07-26 18:00:00",47.1,1735000
"2016-07-27 18:00:00",47.15,1000000
"2016-07-28 18:00:00",47.075,7995000
"2016-07-29 18:00:00",46,5459000
"2016-08-02 18:00:00",46.05,1000000
"2016-08-03 18:00:00",46.325,1645000
"2016-08-04 18:00:00",45.8,4195000
"2016-08-05 18:00:00",45.6,5172000
"2016-08-08 18:00:00",45.6,0
"2016-08-09 18:00:00",45.35,2900000
"2016-08-10 18:00:00",45.7,14124407
"2016-08-11 18:00:00",45.9,1380000
"2016-08-12 18:00:00",47.1,3317126
"2016-08-15 18:00:00",48.45,12375561
"2016-08-16 18:00:00",48.9,9210000
"2016-08-17 18:00:00",49,12533633
"2016-08-18 18:00:00",49.65,1823538
"2016-08-19 18:00:00",49.25,1130000
"2016-08-22 18:00:00",49.5,9074123
"2016-08-23 18:00:00",49,2380000
"2016-08-24 18:00:00",50.6,9448000
"2016-08-25 18:00:00",49.5,1619444
"2016-08-26 18:00:00",49.5,700000
"2016-08-29 18:00:00",48.5,6446606
"2016-08-30 18:00:00",48.4,2773586
"2016-08-31 18:00:00",48.4,5785116
"2016-09-01 18:00:00",48.65,6124926
"2016-09-02 18:00:00",50.25,16163748
"2016-09-05 18:00:00",50.1,15038842
"2016-09-06 18:00:00",50.3,2959258
"2016-09-07 18:00:00",50.3,1513942
"2016-09-08 18:00:00",50,5840000
"2016-09-09 18:00:00",50,8404914
"2016-09-12 18:00:00",50.6,1359556
"2016-09-13 18:00:00",50.2,1379895
"2016-09-14 18:00:00",50.3,20664262
"2016-09-15 18:00:00",50.8,10645304
"2016-09-16 18:00:00",51.9,4530000
"2016-09-19 18:00:00",51.8,4800000
"2016-09-20 18:00:00",51.8,0
"2016-09-21 18:00:00",51,4852337
"2016-09-22 18:00:00",51.4,9108368
"2016-09-23 18:00:00",51.95,3185800
"2016-09-26 18:00:00",51.4,6601403
"2016-09-27 18:00:00",51.4,3662364
"2016-09-28 18:00:00",51.2,4609450
"2016-09-29 18:00:00",50.9,2239013
"2016-09-30 18:00:00",50.5,4852200
"2016-10-03 18:00:00",51.4,7108847
"2016-10-04 18:00:00",52,7460000
"2016-10-05 18:00:00",52.4,5500623
"2016-10-06 18:00:00",52.4,3200000
"2016-10-07 18:00:00",52.3,2561399
"2016-10-10 18:00:00",52.25,3761687
"2016-10-11 18:00:00",53.1,16316900
"2016-10-12 18:00:00",52.6,1546764
"2016-10-13 18:00:00",52.5,2649013
"2016-10-14 18:00:00",53.4,15807257
"2016-10-17 18:00:00",53.25,2622002
"2016-10-18 18:00:00",52.9,3800000
"2016-10-19 18:00:00",53.15,7776050
"2016-10-20 18:00:00",53,2558148
"2016-10-21 18:00:00",52.9,42715
"2016-10-24 18:00:00",52.9,4239013
"2016-10-25 18:00:00",52.7,675925
"2016-10-26 18:00:00",53.7,11535800
"2016-10-27 18:00:00",53.9,6627250
"2016-10-28 18:00:00",51.9,11437513
"2016-10-31 18:00:00",52,18606992
"2016-11-01 18:00:00",51.4,1860000
"2016-11-02 18:00:00",50.85,9924275
"2016-11-03 18:00:00",51,2138800
"2016-11-04 18:00:00",50.95,3500000
"2016-11-07 18:00:00",51.2,1504000
"2016-11-08 18:00:00",52.1,8160000
"2016-11-09 18:00:00",51.9,491080
"2016-11-10 18:00:00",52.5,5001623
"2016-11-11 18:00:00",52.8,1938573
"2016-11-14 18:00:00",52.4,270000
"2016-11-15 18:00:00",53.2,5476813
"2016-11-16 18:00:00",52.35,2209613
"2016-11-17 18:00:00",52.4,3686111
"2016-11-18 18:00:00",52.95,6311165
"2016-11-21 18:00:00",52.95,3831651
"2016-11-22 18:00:00",53.2,2203670
"2016-11-23 18:00:00",53,3992774
"2016-11-24 18:00:00",53.4,4383185
"2016-11-25 18:00:00",52.95,3557558
"2016-11-28 18:00:00",52.6,69766
"2016-11-29 18:00:00",52.6,2570000
"2016-11-30 18:00:00",52.2,580000
"2016-12-01 18:00:00",52.9,2598879
"2016-12-02 18:00:00",52.2,900000
"2016-12-05 18:00:00",51.7,72524
"2016-12-06 18:00:00",51.9,3220000
"2016-12-07 18:00:00",52.6,7521079
"2016-12-08 18:00:00",53.2,8715000
"2016-12-09 18:00:00",53.35,2007000
"2016-12-12 18:00:00",53.6,234650
"2016-12-13 18:00:00",53.1,4500
"2016-12-14 18:00:00",54.45,4130000
"2016-12-15 18:00:00",54.1,953000
"2016-12-16 18:00:00",54.8,581555
"2016-12-19 18:00:00",54.5,5305100
"2016-12-20 18:00:00",54.5,4924843
"2016-12-21 18:00:00",54.3,6680000
"2016-12-22 18:00:00",54.3,2000000
"2016-12-23 18:00:00",54.6,4295925
"2016-12-27 18:00:00",54.4,519114
"2016-12-28 18:00:00",54.2,4053129
"2016-12-29 18:00:00",54.1,5661408
"2016-12-30 18:00:00",54,7768684
"2017-01-02 18:00:00",54.35,5766291
"2017-01-03 18:00:00",54.45,578374
"2017-01-04 18:00:00",54,1085000
"2017-01-05 18:00:00",52.9,6096455
"2017-01-06 18:00:00",51.4,4324222
"2017-01-09 18:00:00",51.2,4774508
"2017-01-10 18:00:00",51.4,2549150
"2017-01-11 18:00:00",51.3,1079244
"2017-01-12 18:00:00",50.9,407900
"2017-01-13 18:00:00",51.2,605700
"2017-01-16 18:00:00",51,2500000
"2017-01-17 18:00:00",50.2,1688000
"2017-01-18 18:00:00",49.5,3730000
"2017-01-19 18:00:00",50.3,7412856
"2017-01-20 18:00:00",51.2,3037037
"2017-01-23 18:00:00",50.8,1000000
"2017-01-24 18:00:00",50.5,1102050
"2017-01-25 18:00:00",50.65,2500000
"2017-01-26 18:00:00",51,7502171
"2017-01-27 18:00:00",50.9,2349863
"2017-01-30 18:00:00",50.8,490000
"2017-01-31 18:00:00",51.2,2038990
"2017-02-01 18:00:00",50.2,5150000
"2017-02-02 18:00:00",51.9,12121000
"2017-02-03 18:00:00",52.4,7063601
"2017-02-06 18:00:00",52.65,770195
"2017-02-07 18:00:00",52.2,3934074
"2017-02-08 18:00:00",52.2,0
"2017-02-09 18:00:00",51.7,6209000
"2017-02-10 18:00:00",52,20371242
"2017-02-13 18:00:00",52.4,5998441
"2017-02-14 18:00:00",52,2167152
"2017-02-15 18:00:00",50.45,9829586
"2017-02-16 18:00:00",50.1,3538588
"2017-02-17 18:00:00",49.5,3735129
"2017-02-20 18:00:00",48.35,8778598
"2017-02-21 18:00:00",48.35,12979106
"2017-02-22 18:00:00",48.8,5352220
"2017-02-23 18:00:00",48.2,4387160
"2017-02-24 18:00:00",47.6,3101851
"2017-02-27 18:00:00",47.75,10214474
"2017-02-28 18:00:00",48.526,8166093
"2017-03-01 18:00:00",49.05,4452650
"2017-03-02 18:00:00",49,159248
"2017-03-03 18:00:00",49,0
"2017-03-06 18:00:00",48.4,3002662
"2017-03-07 18:00:00",47.9,3834271
"2017-03-08 18:00:00",47,3434410
"2017-03-09 18:00:00",46.95,13550000
"2017-03-10 18:00:00",46.4,4400000
"2017-03-13 18:00:00",46.7,12946457
"2017-03-14 18:00:00",48.4,14001012
"2017-03-15 18:00:00",48.8,8127015
"2017-03-16 18:00:00",48.3,1400000
"2017-03-17 18:00:00",49,3714703
"2017-03-20 18:00:00",49.4,3874817
"2017-03-21 18:00:00",47.9,5152434
"2017-03-22 18:00:00",47.1,1374074
"2017-03-23 18:00:00",46.6,2700000
"2017-03-24 18:00:00",45.5,15189747
"2017-03-27 18:00:00",45.95,15162190
"2017-03-28 18:00:00",46.6,8366437
"2017-03-29 18:00:00",46.55,687536
"2017-03-30 18:00:00",46.1,939744
"2017-03-31 18:00:00",45.95,4325993
"2017-04-03 18:00:00",46.225,1380435
"2017-04-04 18:00:00",47.6,23956037
"2017-04-05 18:00:00",49,22773928
"2017-04-06 18:00:00",49.2,6830233
"2017-04-07 18:00:00",48.6,2669290
"2017-04-10 18:00:00",48.65,1534532
"2017-04-11 18:00:00",48.1,4199785
"2017-04-12 18:00:00",48.6,52650
"2017-04-18 18:00:00",48.55,285000
"2017-04-19 18:00:00",48.6,2000000
"2017-04-21 18:00:00",48.925,1000000
"2017-04-24 18:00:00",49.125,2413900
"2017-04-25 18:00:00",49.05,3260000
"2017-04-26 18:00:00",49.05,885000
"2017-04-27 18:00:00",51.9,16090437
"2017-04-28 18:00:00",53.9,10757087
"2017-05-02 18:00:00",54.9,14150200
"2017-05-03 18:00:00",54.9,202000
"2017-05-04 18:00:00",54.55,3305900
"2017-05-05 18:00:00",54.7,5339300
"2017-05-08 18:00:00",54.9,1972074
"2017-05-09 18:00:00",55,4920000
"2017-05-10 18:00:00",55.4,6273550
"2017-05-11 18:00:00",55,1898537
"2017-05-12 18:00:00",55.6,4132050
"2017-05-15 18:00:00",55.85,6394254
"2017-05-16 18:00:00",53.65,13039887
"2017-05-17 18:00:00",55,6838167
"2017-05-18 18:00:00",54.6,8786000
"2017-05-19 18:00:00",54,8394136
"2017-05-22 18:00:00",52.9,6110950
"2017-05-23 18:00:00",55.2,4083492
"2017-05-24 18:00:00",55.2,9115807
"2017-05-26 18:00:00",54,7024000
"2017-05-29 18:00:00",52.7,17668000
"2017-05-30 18:00:00",52.7,4392958
"2017-05-31 18:00:00",52.7,2002846
"2017-06-01 18:00:00",51.9,3935700
"2017-06-02 18:00:00",50.3,21550769
"2017-06-06 18:00:00",49.65,8484284
"2017-06-07 18:00:00",48.6,2620111
"2017-06-08 18:00:00",47.5,6002058
"2017-06-09 18:00:00",48,8160700