"DateTime","Icelandair Group Ver√∞ ","Icelandair Group Magn"
"2006-12-14 18:00:00",27.6,44084936
"2006-12-15 18:00:00",27.8,6433591
"2006-12-18 18:00:00",27.6,7930209
"2006-12-19 18:00:00",27.5,15505158
"2006-12-20 18:00:00",27.5,894465
"2006-12-21 18:00:00",27.4,4502840
"2006-12-22 18:00:00",27.3,63322032
"2006-12-27 18:00:00",27.5,2132790
"2006-12-28 18:00:00",27.4,546515
"2006-12-29 18:00:00",27.6,5570035
"2007-01-03 18:00:00",27.4,1641521
"2007-01-04 18:00:00",27.6,1940092
"2007-01-05 18:00:00",27.5,2248854
"2007-01-08 18:00:00",27.5,6790
"2007-01-09 18:00:00",27.6,5000000
"2007-01-10 18:00:00",27.5,1940000
"2007-01-11 18:00:00",28,17320898
"2007-01-12 18:00:00",28.5,13531289
"2007-01-15 18:00:00",28.6,8328177
"2007-01-16 18:00:00",28.7,2060547
"2007-01-17 18:00:00",28.8,826448
"2007-01-18 18:00:00",28.8,2002000
"2007-01-19 18:00:00",28.7,735069
"2007-01-22 18:00:00",28.7,0
"2007-01-23 18:00:00",28.7,5447519
"2007-01-24 18:00:00",28.6,3769284
"2007-01-25 18:00:00",28.4,1020117
"2007-01-26 18:00:00",28.5,34000
"2007-01-29 18:00:00",28.4,1022000
"2007-01-30 18:00:00",28.1,12178000
"2007-01-31 18:00:00",28,10184000
"2007-02-01 18:00:00",28,1000000
"2007-02-02 18:00:00",27.9,36000
"2007-02-05 18:00:00",27.6,1022323
"2007-02-06 18:00:00",27.5,5006186
"2007-02-07 18:00:00",27.4,2101349
"2007-02-08 18:00:00",27.3,21012540
"2007-02-09 18:00:00",27.5,2100000
"2007-02-12 18:00:00",27.5,1224000
"2007-02-13 18:00:00",27.6,6194924
"2007-02-14 18:00:00",27.5,110000
"2007-02-15 18:00:00",27.7,2544810
"2007-02-16 18:00:00",27.6,108334
"2007-02-19 18:00:00",27.6,0
"2007-02-20 18:00:00",27.9,11011000
"2007-02-21 18:00:00",28,3950000
"2007-02-22 18:00:00",28,2617125
"2007-02-23 18:00:00",28.1,2484784
"2007-02-26 18:00:00",28.1,9897837
"2007-02-27 18:00:00",27.7,1502519
"2007-02-28 18:00:00",27.2,8911389
"2007-03-01 18:00:00",27.1,504000
"2007-03-02 18:00:00",27,1167743
"2007-03-05 18:00:00",26.8,97580
"2007-03-06 18:00:00",26.9,0
"2007-03-07 18:00:00",27,8000
"2007-03-08 18:00:00",27.1,588158
"2007-03-09 18:00:00",27.1,344000
"2007-03-12 18:00:00",26.9,515037
"2007-03-13 18:00:00",26.9,19885
"2007-03-14 18:00:00",27.2,4066000
"2007-03-15 18:00:00",27.1,2001111
"2007-03-16 18:00:00",27.1,0
"2007-03-19 18:00:00",26.9,352222
"2007-03-20 18:00:00",27,2111111
"2007-03-21 18:00:00",27,1948000
"2007-03-22 18:00:00",27,15000000
"2007-03-23 18:00:00",27,80032
"2007-03-26 18:00:00",26.9,118000
"2007-03-27 18:00:00",27,373904
"2007-03-28 18:00:00",27,0
"2007-03-29 18:00:00",26.9,42929
"2007-03-30 18:00:00",27.1,558700
"2007-04-02 18:00:00",27,500000
"2007-04-03 18:00:00",27,118694
"2007-04-04 18:00:00",27,84891
"2007-04-10 18:00:00",27,0
"2007-04-11 18:00:00",27,9135136
"2007-04-12 18:00:00",27,258000
"2007-04-13 18:00:00",27,1147700
"2007-04-16 18:00:00",26.9,37037
"2007-04-17 18:00:00",26.9,500388
"2007-04-18 18:00:00",26.8,85556
"2007-04-20 18:00:00",26.8,2500000
"2007-04-23 18:00:00",26.8,943627
"2007-04-24 18:00:00",27,9194688
"2007-04-25 18:00:00",26.9,513407
"2007-04-26 18:00:00",27,3335967
"2007-04-27 18:00:00",27,385185
"2007-04-30 18:00:00",26.8,503721
"2007-05-02 18:00:00",27,50000
"2007-05-03 18:00:00",27.05,888535
"2007-05-04 18:00:00",27.1,275689
"2007-05-07 18:00:00",27,0
"2007-05-08 18:00:00",27,0
"2007-05-09 18:00:00",27,9957993
"2007-05-10 18:00:00",27,6184000
"2007-05-11 18:00:00",27.2,1981528
"2007-05-14 18:00:00",27.2,1759407
"2007-05-15 18:00:00",27.4,5568667
"2007-05-16 18:00:00",27.4,4595687
"2007-05-18 18:00:00",27.4,10025250
"2007-05-21 18:00:00",27.7,51000000
"2007-05-22 18:00:00",27.95,10298441
"2007-05-23 18:00:00",28.15,3750000
"2007-05-24 18:00:00",28.1,4522000
"2007-05-25 18:00:00",28.55,3815634
"2007-05-29 18:00:00",28.6,1100000
"2007-05-30 18:00:00",28.4,1504261
"2007-05-31 18:00:00",28.2,8511925
"2007-06-01 18:00:00",28.2,12000
"2007-06-04 18:00:00",27.85,2683531
"2007-06-05 18:00:00",27.85,220814
"2007-06-06 18:00:00",27.8,560000
"2007-06-07 18:00:00",27.8,1574328
"2007-06-08 18:00:00",27.5,3500000
"2007-06-11 18:00:00",27.7,3011482
"2007-06-12 18:00:00",27.6,27956
"2007-06-13 18:00:00",27.55,56000
"2007-06-14 18:00:00",27.65,2010174
"2007-06-15 18:00:00",27.5,2502011
"2007-06-18 18:00:00",27.85,5018976
"2007-06-19 18:00:00",27.8,1030222
"2007-06-20 18:00:00",27.85,72000
"2007-06-21 18:00:00",27.9,1051882
"2007-06-22 18:00:00",27.9,1604454
"2007-06-25 18:00:00",27.9,516147
"2007-06-26 18:00:00",27.55,2642649
"2007-06-27 18:00:00",27.55,8076000
"2007-06-28 18:00:00",27.75,1980000
"2007-06-29 18:00:00",28,19603630
"2007-07-02 18:00:00",27.85,1500000
"2007-07-03 18:00:00",28.05,5318332
"2007-07-04 18:00:00",28.95,5550000
"2007-07-05 18:00:00",29.35,2500000
"2007-07-06 18:00:00",30,10625400
"2007-07-09 18:00:00",31.1,23808976
"2007-07-10 18:00:00",30.8,6034400
"2007-07-11 18:00:00",30.95,13100556
"2007-07-12 18:00:00",30.9,701583
"2007-07-13 18:00:00",31.05,47000
"2007-07-16 18:00:00",30.75,32554878
"2007-07-17 18:00:00",30.95,8518108
"2007-07-18 18:00:00",31.05,5362705
"2007-07-19 18:00:00",30.65,12052461
"2007-07-20 18:00:00",30.4,519000
"2007-07-23 18:00:00",30.25,1652993
"2007-07-24 18:00:00",29.8,1220000
"2007-07-25 18:00:00",29.6,5563800
"2007-07-26 18:00:00",29.25,532000
"2007-07-27 18:00:00",29,5001000
"2007-07-30 18:00:00",28.9,6045000
"2007-07-31 18:00:00",29.25,3106000
"2007-08-01 18:00:00",28.95,8761401
"2007-08-02 18:00:00",28.95,1051602
"2007-08-03 18:00:00",28.8,4509897
"2007-08-07 18:00:00",28.85,1000000
"2007-08-08 18:00:00",28.9,350000
"2007-08-09 18:00:00",28.75,502299
"2007-08-10 18:00:00",27.55,5018018
"2007-08-13 18:00:00",27.95,1634212
"2007-08-14 18:00:00",27.85,2024000
"2007-08-15 18:00:00",26.6,5842413
"2007-08-16 18:00:00",25.05,14534110
"2007-08-17 18:00:00",25.65,5067719
"2007-08-20 18:00:00",26,4530000
"2007-08-21 18:00:00",26.4,2052000
"2007-08-22 18:00:00",26.55,980649
"2007-08-23 18:00:00",26.9,1515000
"2007-08-24 18:00:00",26.9,0
"2007-08-27 18:00:00",27,1284960
"2007-08-28 18:00:00",26.75,85000
"2007-08-29 18:00:00",26.75,0
"2007-08-30 18:00:00",26.75,2527936
"2007-08-31 18:00:00",27.2,3042175
"2007-09-03 18:00:00",27.5,4230678
"2007-09-04 18:00:00",27.7,314191675
"2007-09-05 18:00:00",27.55,5625000
"2007-09-06 18:00:00",27.4,475000
"2007-09-07 18:00:00",27.2,1480000
"2007-09-10 18:00:00",26.3,2200000
"2007-09-11 18:00:00",26.2,1510000
"2007-09-12 18:00:00",26.1,0
"2007-09-13 18:00:00",26.2,41985
"2007-09-14 18:00:00",26.1,0
"2007-09-17 18:00:00",25.4,1013922
"2007-09-18 18:00:00",25.4,360000
"2007-09-19 18:00:00",26.35,1143119
"2007-09-20 18:00:00",26.1,50000
"2007-09-21 18:00:00",26.1,572561
"2007-09-24 18:00:00",26.15,101082
"2007-09-25 18:00:00",25.9,90000
"2007-09-26 18:00:00",26.2,4173080
"2007-09-27 18:00:00",26.45,140000
"2007-09-28 18:00:00",27.2,1615312
"2007-10-01 18:00:00",26.5,16000000
"2007-10-02 18:00:00",26.4,2007667
"2007-10-03 18:00:00",25.7,6561827
"2007-10-04 18:00:00",25.85,80000
"2007-10-05 18:00:00",26.15,1012116
"2007-10-08 18:00:00",27,8117300
"2007-10-09 18:00:00",26.75,2265399
"2007-10-10 18:00:00",26.8,232309
"2007-10-11 18:00:00",26.65,541111
"2007-10-12 18:00:00",26.8,211761
"2007-10-15 18:00:00",26.8,537397
"2007-10-16 18:00:00",26.5,1000000
"2007-10-17 18:00:00",26.3,520000
"2007-10-18 18:00:00",26.95,3437148
"2007-10-19 18:00:00",26.95,129891
"2007-10-22 18:00:00",26.65,710000
"2007-10-23 18:00:00",26.65,0
"2007-10-24 18:00:00",26.55,500000
"2007-10-25 18:00:00",26.55,617000
"2007-10-26 18:00:00",26.35,4513204
"2007-10-29 18:00:00",25,11382000
"2007-10-30 18:00:00",25,11111
"2007-10-31 18:00:00",24.9,1010000
"2007-11-01 18:00:00",24.9,1575000
"2007-11-02 18:00:00",24.8,27232
"2007-11-05 18:00:00",24.2,4517097
"2007-11-06 18:00:00",23.75,515000
"2007-11-07 18:00:00",22.3,17369841
"2007-11-08 18:00:00",23.1,7942420
"2007-11-09 18:00:00",23.15,3089649
"2007-11-12 18:00:00",23.4,1535619
"2007-11-13 18:00:00",23.7,52037
"2007-11-14 18:00:00",24.2,13511418
"2007-11-15 18:00:00",24.25,2545040
"2007-11-16 18:00:00",24.5,8074831
"2007-11-19 18:00:00",24.8,2013758
"2007-11-20 18:00:00",25.6,2986912
"2007-11-21 18:00:00",25.6,195000
"2007-11-22 18:00:00",25.8,17333809
"2007-11-23 18:00:00",26,796993
"2007-11-26 18:00:00",26.9,2320000
"2007-11-27 18:00:00",27.05,1313037
"2007-11-28 18:00:00",27.05,225000
"2007-11-29 18:00:00",27.8,1282272
"2007-11-30 18:00:00",28.4,1410000
"2007-12-03 18:00:00",28.2,514037
"2007-12-04 18:00:00",27.85,2193343
"2007-12-05 18:00:00",27.5,542575
"2007-12-06 18:00:00",27.5,1012000
"2007-12-07 18:00:00",27.5,11000
"2007-12-10 18:00:00",27.5,0
"2007-12-11 18:00:00",27.25,1545102
"2007-12-12 18:00:00",27.35,41370
"2007-12-13 18:00:00",26.75,2500000
"2007-12-14 18:00:00",26.15,1011353
"2007-12-17 18:00:00",25.7,2039047
"2007-12-18 18:00:00",25.7,90000
"2007-12-19 18:00:00",25.55,1298899
"2007-12-20 18:00:00",25.7,47956
"2007-12-21 18:00:00",26.45,16661465
"2007-12-27 18:00:00",27.1,2542956
"2007-12-28 18:00:00",27.75,6290598
"2008-01-03 18:00:00",27.45,1903151
"2008-01-04 18:00:00",26.6,4550926
"2008-01-07 18:00:00",26.55,3352158
"2008-01-08 18:00:00",26.55,583284
"2008-01-09 18:00:00",26.25,7445231
"2008-01-10 18:00:00",26.95,2570528
"2008-01-11 18:00:00",27.35,1032222
"2008-01-14 18:00:00",26.85,570000
"2008-01-15 18:00:00",26.75,119888
"2008-01-16 18:00:00",27.25,2247156
"2008-01-17 18:00:00",27.35,1899096
"2008-01-18 18:00:00",27.1,1285185
"2008-01-21 18:00:00",26.6,3957067
"2008-01-22 18:00:00",26.4,2524630
"2008-01-23 18:00:00",26,820000
"2008-01-24 18:00:00",26.35,1925000
"2008-01-25 18:00:00",27.35,5892869
"2008-01-28 18:00:00",27.65,2195000
"2008-01-29 18:00:00",27.55,1887500
"2008-01-30 18:00:00",27.95,1951172
"2008-01-31 18:00:00",27.5,2512401
"2008-02-01 18:00:00",27.45,2000000
"2008-02-04 18:00:00",27.4,20000
"2008-02-05 18:00:00",27,712965
"2008-02-06 18:00:00",26.5,2100554
"2008-02-07 18:00:00",26.45,1656437
"2008-02-08 18:00:00",26.45,42222
"2008-02-11 18:00:00",26.15,515000
"2008-02-12 18:00:00",26.5,1538743
"2008-02-13 18:00:00",26.55,105390
"2008-02-14 18:00:00",26.35,1015000
"2008-02-15 18:00:00",26.1,1116322
"2008-02-18 18:00:00",26.45,1539348
"2008-02-19 18:00:00",26.1,1505581
"2008-02-20 18:00:00",25.7,1015000
"2008-02-21 18:00:00",25.8,2200000
"2008-02-22 18:00:00",25.3,4052067
"2008-02-25 18:00:00",25.2,3121640
"2008-02-26 18:00:00",25.1,469000
"2008-02-27 18:00:00",25.2,9356
"2008-02-28 18:00:00",25.1,255000
"2008-02-29 18:00:00",25.2,15000
"2008-03-03 18:00:00",25,20000
"2008-03-04 18:00:00",25,500000
"2008-03-05 18:00:00",24.9,15000
"2008-03-06 18:00:00",24.9,0
"2008-03-07 18:00:00",24.8,22065000
"2008-03-10 18:00:00",24.7,1030000
"2008-03-11 18:00:00",25.05,680968
"2008-03-12 18:00:00",24.95,5000
"2008-03-13 18:00:00",24.85,80000
"2008-03-14 18:00:00",24.9,1031412
"2008-03-17 18:00:00",24.25,1570403
"2008-03-18 18:00:00",24.3,20207518
"2008-03-19 18:00:00",23.8,1772632
"2008-03-20 18:00:00",23.8,1
"2008-03-21 18:00:00",23.8,1
"2008-03-24 18:00:00",23.8,1
"2008-03-25 18:00:00",24.4,1560000
"2008-03-26 18:00:00",24.2,1025000
"2008-03-27 18:00:00",24.6,2056850
"2008-03-28 18:00:00",24.6,62408
"2008-03-31 18:00:00",25,566213
"2008-04-01 18:00:00",24.5,1085000
"2008-04-02 18:00:00",24.55,614023
"2008-04-03 18:00:00",24.6,5660000
"2008-04-04 18:00:00",24.5,1532067
"2008-04-07 18:00:00",24.45,10000
"2008-04-08 18:00:00",24.2,950000
"2008-04-09 18:00:00",24.3,50000
"2008-04-10 18:00:00",24.25,25000
"2008-04-11 18:00:00",24,1552934
"2008-04-14 18:00:00",24.35,2521111
"2008-04-15 18:00:00",24.2,1092593
"2008-04-16 18:00:00",24.3,134185
"2008-04-17 18:00:00",24.2,1088000
"2008-04-18 18:00:00",24.1,500000
"2008-04-21 18:00:00",24.1,0
"2008-04-22 18:00:00",23.95,1550000
"2008-04-23 18:00:00",23.3,2002500
"2008-04-24 18:00:00",23.3,0
"2008-04-25 18:00:00",23.1,2020000
"2008-04-28 18:00:00",23,120000
"2008-04-29 18:00:00",22.1,4222407
"2008-04-30 18:00:00",21.7,1025222
"2008-05-01 18:00:00",21.7,0
"2008-05-02 18:00:00",21.8,575000
"2008-05-05 18:00:00",21.8,105323
"2008-05-06 18:00:00",21.8,91650
"2008-05-07 18:00:00",21.8,75000
"2008-05-08 18:00:00",21.8,5105222
"2008-05-09 18:00:00",21.85,35000
"2008-05-12 18:00:00",21.85,0
"2008-05-13 18:00:00",21.7,160000
"2008-05-14 18:00:00",21.8,46111
"2008-05-15 18:00:00",21.55,1113111
"2008-05-16 18:00:00",20.85,3545000
"2008-05-19 18:00:00",20.85,469000
"2008-05-20 18:00:00",20.95,120000
"2008-05-21 18:00:00",21.1,682790
"2008-05-22 18:00:00",21.1,85111
"2008-05-23 18:00:00",20.9,100000
"2008-05-26 18:00:00",20.55,684371
"2008-05-27 18:00:00",20.5,15000
"2008-05-28 18:00:00",20.55,215000
"2008-05-29 18:00:00",20.55,0
"2008-05-30 18:00:00",20.6,541111
"2008-06-02 18:00:00",20.5,15347
"2008-06-03 18:00:00",19.1,3000000
"2008-06-04 18:00:00",18.9,1000000
"2008-06-05 18:00:00",18.95,60407
"2008-06-06 18:00:00",18.7,120742
"2008-06-09 18:00:00",17.8,2500000
"2008-06-10 18:00:00",17.55,60417
"2008-06-11 18:00:00",16.45,2032492
"2008-06-12 18:00:00",15,2500000
"2008-06-13 18:00:00",15.1,467111
"2008-06-16 18:00:00",14.7,1587954
"2008-06-17 18:00:00",14.7,0
"2008-06-18 18:00:00",14.7,0
"2008-06-19 18:00:00",14.73,1618704
"2008-06-20 18:00:00",15.25,2813411
"2008-06-23 18:00:00",15.5,8360719
"2008-06-24 18:00:00",15.8,2300000
"2008-06-25 18:00:00",16.05,50000
"2008-06-26 18:00:00",16.1,8079954
"2008-06-27 18:00:00",16.15,1105000
"2008-06-30 18:00:00",16.55,6451330
"2008-07-01 18:00:00",16.85,5874975
"2008-07-02 18:00:00",16.8,1039000
"2008-07-03 18:00:00",16.7,2067
"2008-07-04 18:00:00",16.7,1085003
"2008-07-07 18:00:00",16.7,0
"2008-07-08 18:00:00",16.65,112000
"2008-07-09 18:00:00",16.65,20000
"2008-07-10 18:00:00",16.6,0
"2008-07-11 18:00:00",16.45,1000000
"2008-07-14 18:00:00",16.45,1610064
"2008-07-15 18:00:00",16.45,5600
"2008-07-16 18:00:00",16.45,196077
"2008-07-17 18:00:00",16.55,1589610
"2008-07-18 18:00:00",16.7,500644
"2008-07-21 18:00:00",16.6,75000
"2008-07-22 18:00:00",16.8,1441468
"2008-07-23 18:00:00",17.05,1033000
"2008-07-24 18:00:00",17.05,0
"2008-07-25 18:00:00",17.05,57000
"2008-07-28 18:00:00",17.05,0
"2008-07-29 18:00:00",16.95,300000
"2008-07-30 18:00:00",17,0
"2008-07-31 18:00:00",17.2,1569527
"2008-08-01 18:00:00",17.15,55556
"2008-08-04 18:00:00",17.15,0
"2008-08-05 18:00:00",17.2,5000
"2008-08-06 18:00:00",17.2,500000
"2008-08-07 18:00:00",17.3,800
"2008-08-08 18:00:00",17.6,2000274
"2008-08-11 18:00:00",17.55,11111
"2008-08-12 18:00:00",17.55,55556
"2008-08-13 18:00:00",17.65,25567
"2008-08-14 18:00:00",17.65,0
"2008-08-15 18:00:00",17.7,511111
"2008-08-18 18:00:00",17.7,0
"2008-08-19 18:00:00",18.75,1015533
"2008-08-20 18:00:00",19.2,1525000
"2008-08-21 18:00:00",19.15,83348
"2008-08-22 18:00:00",19.7,585000
"2008-08-25 18:00:00",19.75,186672
"2008-08-26 18:00:00",19.85,553852
"2008-08-27 18:00:00",19.85,511111
"2008-08-28 18:00:00",20.1,1111728
"2008-08-29 18:00:00",20.1,200000
"2008-09-01 18:00:00",20.1,255895
"2008-09-02 18:00:00",20.3,509870
"2008-09-03 18:00:00",20.4,61111
"2008-09-04 18:00:00",20.4,94167
"2008-09-05 18:00:00",20.3,211
"2008-09-08 18:00:00",20.45,945641
"2008-09-09 18:00:00",20.35,65433
"2008-09-10 18:00:00",20.45,25727
"2008-09-11 18:00:00",20.45,301963
"2008-09-12 18:00:00",20.3,133277
"2008-09-15 18:00:00",20.25,16111
"2008-09-16 18:00:00",20.25,317148
"2008-09-17 18:00:00",20.3,924673
"2008-09-18 18:00:00",20.3,0
"2008-09-19 18:00:00",20.45,1527232
"2008-09-22 18:00:00",20.45,1580000
"2008-09-23 18:00:00",20.2,1598417
"2008-09-24 18:00:00",20.1,10000
"2008-09-25 18:00:00",20,52653
"2008-09-26 18:00:00",20.1,513015
"2008-09-29 18:00:00",19,1532622
"2008-09-30 18:00:00",18.75,1659198
"2008-10-01 18:00:00",18.2,2000000
"2008-10-02 18:00:00",17.5,2014111
"2008-10-03 18:00:00",16.9,1527000
"2008-10-06 18:00:00",16.05,1068431
"2008-10-07 18:00:00",15.95,140348
"2008-10-08 18:00:00",15.5,333800
"2008-10-09 18:00:00",15.5,0
"2008-10-10 18:00:00",15.5,0
"2008-10-13 18:00:00",15.5,0
"2008-10-14 18:00:00",15,422127
"2008-10-15 18:00:00",14.95,46600
"2008-10-16 18:00:00",14.7,135000
"2008-10-17 18:00:00",14.45,509465
"2008-10-20 18:00:00",14.2,529134
"2008-10-21 18:00:00",14.2,0
"2008-10-22 18:00:00",14.2,68986
"2008-10-23 18:00:00",13.8,525000
"2008-10-24 18:00:00",13.42,451694
"2008-10-27 18:00:00",13.37,15245
"2008-10-28 18:00:00",13.37,0
"2008-10-29 18:00:00",13.38,0
"2008-10-30 18:00:00",13.65,7581
"2008-10-31 18:00:00",13.6,11111
"2008-11-03 18:00:00",13.3,196610
"2008-11-04 18:00:00",13.3,11111
"2008-11-05 18:00:00",13.3,0
"2008-11-06 18:00:00",13.3,218000
"2008-11-07 18:00:00",13.3,0
"2008-11-10 18:00:00",13.3,0
"2008-11-11 18:00:00",13.3,26446
"2008-11-12 18:00:00",13.4,4000
"2008-11-13 18:00:00",13.52,7396
"2008-11-14 18:00:00",13.2,610822
"2008-11-17 18:00:00",13.2,6743
"2008-11-18 18:00:00",13.25,0
"2008-11-19 18:00:00",13.2,0
"2008-11-20 18:00:00",13.05,155555
"2008-11-21 18:00:00",13.1,0
"2008-11-24 18:00:00",13.1,11111
"2008-11-25 18:00:00",13.1,0
"2008-11-26 18:00:00",13.1,0
"2008-11-27 18:00:00",13.1,0
"2008-11-28 18:00:00",13.1,0
"2008-12-01 18:00:00",13.1,0
"2008-12-02 18:00:00",13.1,0
"2008-12-03 18:00:00",13.1,0
"2008-12-04 18:00:00",13.1,0
"2008-12-05 18:00:00",13.48,604465
"2008-12-08 18:00:00",13.25,75000
"2008-12-09 18:00:00",13.2,0
"2008-12-10 18:00:00",13.2,0
"2008-12-11 18:00:00",13.2,0
"2008-12-12 18:00:00",13.2,0
"2008-12-15 18:00:00",13.2,0
"2008-12-16 18:00:00",13.2,0
"2008-12-17 18:00:00",13.2,2790
"2008-12-18 18:00:00",13.25,2790
"2008-12-19 18:00:00",13.25,0
"2008-12-22 18:00:00",13.25,0
"2008-12-23 18:00:00",13.25,0
"2008-12-24 18:00:00",13.25,0
"2008-12-25 18:00:00",13.25,0
"2008-12-26 18:00:00",13.25,0
"2008-12-29 18:00:00",13.3,0
"2008-12-30 18:00:00",13.3,0
"2008-12-31 18:00:00",13.3,0
"2009-01-01 18:00:00",13.3,0
"2009-01-02 18:00:00",13.4,282407
"2009-01-05 18:00:00",13.4,0
"2009-01-06 18:00:00",13.4,20000
"2009-01-07 18:00:00",13.25,100000
"2009-01-08 18:00:00",13.25,0
"2009-01-09 18:00:00",13.25,11111
"2009-01-12 18:00:00",13.25,7407
"2009-01-13 18:00:00",13.25,0
"2009-01-14 18:00:00",13.25,0
"2009-01-15 18:00:00",13.25,0
"2009-01-16 18:00:00",13.25,67037
"2009-01-19 18:00:00",13.25,0
"2009-01-20 18:00:00",13.25,0
"2009-01-21 18:00:00",13.26,0
"2009-01-22 18:00:00",13.26,0
"2009-01-23 18:00:00",13.3,21201
"2009-01-26 18:00:00",13.31,30000
"2009-01-27 18:00:00",13.35,0
"2009-01-28 18:00:00",13.41,60000
"2009-01-29 18:00:00",13.41,98000
"2009-01-30 18:00:00",13.41,0
"2009-02-02 18:00:00",13.41,0
"2009-02-03 18:00:00",13.41,0
"2009-02-04 18:00:00",13.41,0
"2009-02-05 18:00:00",13.4,0
"2009-02-06 18:00:00",13.4,5581
"2009-02-09 18:00:00",13.4,0
"2009-02-10 18:00:00",13.4,0
"2009-02-11 18:00:00",13.4,15245
"2009-02-12 18:00:00",13.4,11111
"2009-02-13 18:00:00",13.4,0
"2009-02-16 18:00:00",13.4,0
"2009-02-17 18:00:00",13.4,0
"2009-02-18 18:00:00",13.4,0
"2009-02-19 18:00:00",13.36,250000
"2009-02-20 18:00:00",13.4,0
"2009-02-23 18:00:00",12.82,0
"2009-02-24 18:00:00",12.82,0
"2009-02-25 18:00:00",12.71,5581
"2009-02-26 18:00:00",12.71,21111
"2009-02-27 18:00:00",12.7,0
"2009-03-02 18:00:00",12.7,11111
"2009-03-03 18:00:00",12.2,56111
"2009-03-04 18:00:00",12.2,0
"2009-03-05 18:00:00",11.46,133332
"2009-03-06 18:00:00",11.51,0
"2009-03-09 18:00:00",11.4,0
"2009-03-10 18:00:00",11.3,0
"2009-03-11 18:00:00",11.2,0
"2009-03-12 18:00:00",11.2,0
"2009-03-13 18:00:00",11.2,0
"2009-03-16 18:00:00",11,0
"2009-03-17 18:00:00",10,0
"2009-03-18 18:00:00",7,1900000
"2009-03-19 18:00:00",7,0
"2009-03-20 18:00:00",7,2328
"2009-03-23 18:00:00",7,0
"2009-03-24 18:00:00",7,0
"2009-03-25 18:00:00",7,1216190
"2009-03-26 18:00:00",7,840
"2009-03-27 18:00:00",7,0
"2009-03-30 18:00:00",7,0
"2009-03-31 18:00:00",7,0
"2009-04-01 18:00:00",7,0
"2009-04-02 18:00:00",7,0
"2009-04-03 18:00:00",5,6465
"2009-04-06 18:00:00",5,53535
"2009-04-07 18:00:00",5,0
"2009-04-08 18:00:00",5,0
"2009-04-14 18:00:00",5,0
"2009-04-15 18:00:00",5,0
"2009-04-16 18:00:00",5,0
"2009-04-17 18:00:00",5,0
"2009-04-20 18:00:00",5,0
"2009-04-21 18:00:00",5,0
"2009-04-22 18:00:00",5,0
"2009-04-24 18:00:00",5,0
"2009-04-27 18:00:00",5,0
"2009-04-28 18:00:00",5,0
"2009-04-29 18:00:00",5,0
"2009-04-30 18:00:00",4.95,0
"2009-05-04 18:00:00",4.5,72500
"2009-05-05 18:00:00",4.5,0
"2009-05-06 18:00:00",4.5,0
"2009-05-07 18:00:00",4.5,0
"2009-05-08 18:00:00",4.5,0
"2009-05-11 18:00:00",4.5,0
"2009-05-12 18:00:00",4.5,0
"2009-05-13 18:00:00",4.5,0
"2009-05-14 18:00:00",4.5,0
"2009-05-15 18:00:00",4.5,0
"2009-05-18 18:00:00",4.5,419790285
"2009-05-19 18:00:00",4.5,11111
"2009-05-20 18:00:00",4,124290
"2009-05-22 18:00:00",4.15,10000
"2009-05-25 18:00:00",4.5,238438350
"2009-05-26 18:00:00",4.5,0
"2009-05-27 18:00:00",4.5,0
"2009-05-28 18:00:00",4.6,0
"2009-05-29 18:00:00",4.6,0
"2009-06-02 18:00:00",4.6,0
"2009-06-03 18:00:00",4.6,0
"2009-06-04 18:00:00",4.6,0
"2009-06-05 18:00:00",4.6,0
"2009-06-08 18:00:00",4.6,0
"2009-06-09 18:00:00",4.6,0
"2009-06-10 18:00:00",4.6,0
"2009-06-11 18:00:00",4.6,0
"2009-06-12 18:00:00",4.6,0
"2009-06-15 18:00:00",4.6,0
"2009-06-16 18:00:00",4.6,0
"2009-06-18 18:00:00",5,211000
"2009-06-19 18:00:00",4.75,78947
"2009-06-22 18:00:00",4.75,0
"2009-06-23 18:00:00",4.75,0
"2009-06-24 18:00:00",4.75,0
"2009-06-25 18:00:00",4.75,0
"2009-06-26 18:00:00",4.75,0
"2009-06-29 18:00:00",4.75,0
"2009-06-30 18:00:00",4.75,0
"2009-07-01 18:00:00",4.75,0
"2009-07-02 18:00:00",4.75,0
"2009-07-03 18:00:00",4.75,0
"2009-07-06 18:00:00",4.75,0
"2009-07-07 18:00:00",4.75,0
"2009-07-08 18:00:00",4.5,0
"2009-07-09 18:00:00",4.5,0
"2009-07-10 18:00:00",4.5,0
"2009-07-13 18:00:00",4.5,0
"2009-07-14 18:00:00",4.25,62500
"2009-07-15 18:00:00",4.2,163000
"2009-07-16 18:00:00",4.2,0
"2009-07-17 18:00:00",4.2,0
"2009-07-20 18:00:00",4.1,0
"2009-07-21 18:00:00",4.1,9000
"2009-07-22 18:00:00",4.1,0
"2009-07-23 18:00:00",4.1,0
"2009-07-24 18:00:00",4,0
"2009-07-27 18:00:00",4,0
"2009-07-28 18:00:00",4.6,0
"2009-07-29 18:00:00",4.4,50000
"2009-07-30 18:00:00",4.4,18182
"2009-07-31 18:00:00",4.4,0
"2009-08-04 18:00:00",4.4,0
"2009-08-05 18:00:00",4.4,0
"2009-08-06 18:00:00",4.4,0
"2009-08-07 18:00:00",4.4,0
"2009-08-10 18:00:00",4.4,0
"2009-08-11 18:00:00",4.3,333
"2009-08-12 18:00:00",4.2,0
"2009-08-13 18:00:00",4.2,0
"2009-08-14 18:00:00",4.2,0
"2009-08-17 18:00:00",4.2,0
"2009-08-18 18:00:00",4.2,0
"2009-08-19 18:00:00",4,200000
"2009-08-20 18:00:00",4,0
"2009-08-21 18:00:00",3.9,270000
"2009-08-24 18:00:00",3.9,0
"2009-08-25 18:00:00",3.9,0
"2009-08-26 18:00:00",3.9,0
"2009-08-27 18:00:00",3.9,0
"2009-08-28 18:00:00",3.9,0
"2009-08-31 18:00:00",3.9,0
"2009-09-01 18:00:00",3.9,0
"2009-09-02 18:00:00",3.9,0
"2009-09-03 18:00:00",3.9,63439
"2009-09-04 18:00:00",3.9,0
"2009-09-07 18:00:00",3.9,0
"2009-09-08 18:00:00",3.9,0
"2009-09-09 18:00:00",3.9,0
"2009-09-10 18:00:00",3.9,0
"2009-09-11 18:00:00",3.9,0
"2009-09-14 18:00:00",3.9,0
"2009-09-15 18:00:00",3.9,0
"2009-09-16 18:00:00",3.9,0
"2009-09-17 18:00:00",3.9,0
"2009-09-18 18:00:00",2,300000
"2009-09-21 18:00:00",2,0
"2009-09-22 18:00:00",3,100000
"2009-09-23 18:00:00",2.2,11616
"2009-09-24 18:00:00",2.2,0
"2009-09-25 18:00:00",2.2,0
"2009-09-28 18:00:00",2.2,0
"2009-09-29 18:00:00",2.2,0
"2009-09-30 18:00:00",2.4,0
"2009-10-01 18:00:00",2.4,0
"2009-10-02 18:00:00",2.45,0
"2009-10-05 18:00:00",2.45,0
"2009-10-06 18:00:00",2.45,0
"2009-10-07 18:00:00",2.45,0
"2009-10-08 18:00:00",2.45,0
"2009-10-09 18:00:00",2.45,0
"2009-10-12 18:00:00",2.45,0
"2009-10-13 18:00:00",1.9,792000
"2009-10-14 18:00:00",1.9,0
"2009-10-15 18:00:00",2,0
"2009-10-16 18:00:00",2,0
"2009-10-19 18:00:00",2,0
"2009-10-20 18:00:00",2.2,30000
"2009-10-21 18:00:00",2.2,0
"2009-10-22 18:00:00",2.2,0
"2009-10-23 18:00:00",2.2,0
"2009-10-26 18:00:00",2.2,0
"2009-10-27 18:00:00",2.2,0
"2009-10-28 18:00:00",2.2,0
"2009-10-29 18:00:00",2.4,500000
"2009-10-30 18:00:00",2.4,0
"2009-11-02 18:00:00",2.6,100000
"2009-11-03 18:00:00",2.6,0
"2009-11-04 18:00:00",2.8,22818
"2009-11-05 18:00:00",2.8,300000
"2009-11-06 18:00:00",2.85,0
"2009-11-09 18:00:00",2.9,0
"2009-11-10 18:00:00",3.2,50000
"2009-11-11 18:00:00",3.2,0
"2009-11-12 18:00:00",3.55,187500
"2009-11-13 18:00:00",3.6,50000
"2009-11-16 18:00:00",4,90000
"2009-11-17 18:00:00",4,0
"2009-11-18 18:00:00",4,0
"2009-11-19 18:00:00",4,0
"2009-11-20 18:00:00",4.1,110000
"2009-11-23 18:00:00",4.1,0
"2009-11-24 18:00:00",3.9,445000
"2009-11-25 18:00:00",3.85,155000
"2009-11-26 18:00:00",3.85,0
"2009-11-27 18:00:00",3.85,0
"2009-11-30 18:00:00",3.8,300000
"2009-12-01 18:00:00",3.85,300000
"2009-12-02 18:00:00",3.9,296538
"2009-12-03 18:00:00",3.8,9000
"2009-12-04 18:00:00",3.8,0
"2009-12-07 18:00:00",3.8,0
"2009-12-08 18:00:00",3.8,0
"2009-12-09 18:00:00",3.8,0
"2009-12-10 18:00:00",3.65,28000
"2009-12-11 18:00:00",3.65,0
"2009-12-14 18:00:00",3.65,0
"2009-12-15 18:00:00",3.65,0
"2009-12-16 18:00:00",3.65,0
"2009-12-17 18:00:00",3.65,0
"2009-12-18 18:00:00",3.65,0
"2009-12-21 18:00:00",3.65,0
"2009-12-22 18:00:00",3.65,0
"2009-12-23 18:00:00",3.65,0
"2009-12-28 18:00:00",3.65,0
"2009-12-29 18:00:00",3.65,1074462
"2009-12-30 18:00:00",3.65,0
"2010-01-04 18:00:00",3.65,0
"2010-01-05 18:00:00",3.65,0
"2010-01-06 18:00:00",3.65,0
"2010-01-07 18:00:00",3.65,0
"2010-01-08 18:00:00",3.65,0
"2010-01-11 18:00:00",3.65,0
"2010-01-12 18:00:00",3.6,1074462
"2010-01-13 18:00:00",3.55,0
"2010-01-14 18:00:00",3.5,0
"2010-01-15 18:00:00",3.45,0
"2010-01-18 18:00:00",3.45,0
"2010-01-19 18:00:00",3.45,0
"2010-01-20 18:00:00",3.45,0
"2010-01-21 18:00:00",3.45,0
"2010-01-22 18:00:00",3.45,0
"2010-01-25 18:00:00",3.45,0
"2010-01-26 18:00:00",3.3,0
"2010-01-27 18:00:00",3.3,0
"2010-01-28 18:00:00",3.2,200000
"2010-01-29 18:00:00",3.15,16000000
"2010-02-01 18:00:00",3.15,0
"2010-02-02 18:00:00",3,200000
"2010-02-03 18:00:00",2.9,874462
"2010-02-04 18:00:00",3,8000
"2010-02-05 18:00:00",3,0
"2010-02-08 18:00:00",3,0
"2010-02-09 18:00:00",3,0
"2010-02-10 18:00:00",3,0
"2010-02-11 18:00:00",3,0
"2010-02-12 18:00:00",3,0
"2010-02-15 18:00:00",3,0
"2010-02-16 18:00:00",3,0
"2010-02-17 18:00:00",3,0
"2010-02-18 18:00:00",3,0
"2010-02-19 18:00:00",3,0
"2010-02-22 18:00:00",3,0
"2010-02-23 18:00:00",3,0
"2010-02-24 18:00:00",3,0
"2010-02-25 18:00:00",3,0
"2010-02-26 18:00:00",3.1,0
"2010-03-01 18:00:00",3.3,0
"2010-03-02 18:00:00",3.3,0
"2010-03-03 18:00:00",3.3,650000
"2010-03-04 18:00:00",3.3,0
"2010-03-05 18:00:00",3.3,0
"2010-03-08 18:00:00",3,5050000
"2010-03-09 18:00:00",3,0
"2010-03-10 18:00:00",3,0
"2010-03-11 18:00:00",3,0
"2010-03-12 18:00:00",3,1500000
"2010-03-15 18:00:00",3,150000
"2010-03-16 18:00:00",3,0
"2010-03-17 18:00:00",3.3,19500
"2010-03-18 18:00:00",3.3,0
"2010-03-19 18:00:00",2.9,3002700
"2010-03-22 18:00:00",2.9,0
"2010-03-23 18:00:00",3,65000
"2010-03-24 18:00:00",3,0
"2010-03-25 18:00:00",3,0
"2010-03-26 18:00:00",3.3,500000
"2010-03-29 18:00:00",3.5,100000
"2010-03-30 18:00:00",3,66667
"2010-03-31 18:00:00",3,0
"2010-04-06 18:00:00",3,0
"2010-04-07 18:00:00",3,0
"2010-04-08 18:00:00",3,0
"2010-04-09 18:00:00",3.3,500000
"2010-04-12 18:00:00",3.3,60606
"2010-04-13 18:00:00",3.3,0
"2010-04-14 18:00:00",3.3,0
"2010-04-15 18:00:00",3.3,60000
"2010-04-16 18:00:00",3.4,2000000
"2010-04-19 18:00:00",3.4,0
"2010-04-20 18:00:00",3.3,6000000
"2010-04-21 18:00:00",3.1,137194
"2010-04-23 18:00:00",3.1,0
"2010-04-26 18:00:00",3.1,0
"2010-04-27 18:00:00",3.1,0
"2010-04-28 18:00:00",3.1,0
"2010-04-29 18:00:00",3.1,0
"2010-04-30 18:00:00",3.1,0
"2010-05-03 18:00:00",3.1,0
"2010-05-04 18:00:00",3.1,0
"2010-05-05 18:00:00",3.1,0
"2010-05-06 18:00:00",3.1,0
"2010-05-07 18:00:00",3.1,0
"2010-05-10 18:00:00",3.1,0
"2010-05-11 18:00:00",3.1,0
"2010-05-12 18:00:00",3.1,0
"2010-05-14 18:00:00",3.1,0
"2010-05-17 18:00:00",3.1,0
"2010-05-18 18:00:00",3.1,0
"2010-05-19 18:00:00",3.1,0
"2010-05-20 18:00:00",3.1,0
"2010-05-21 18:00:00",3.1,0
"2010-05-25 18:00:00",3.1,0
"2010-05-26 18:00:00",3.1,0
"2010-05-27 18:00:00",3.1,0
"2010-05-28 18:00:00",3.1,0
"2010-05-31 18:00:00",3.1,0
"2010-06-01 18:00:00",3.1,0
"2010-06-02 18:00:00",3.1,0
"2010-06-03 18:00:00",3.1,0
"2010-06-04 18:00:00",3.1,0
"2010-06-07 18:00:00",3.1,0
"2010-06-08 18:00:00",3.1,0
"2010-06-09 18:00:00",3.1,0
"2010-06-10 18:00:00",3.1,0
"2010-06-11 18:00:00",3.1,0
"2010-06-14 18:00:00",3.1,0
"2010-06-15 18:00:00",3.15,0
"2010-06-16 18:00:00",3.35,0
"2010-06-18 18:00:00",3.5,0
"2010-06-21 18:00:00",3.5,0
"2010-06-22 18:00:00",3.75,200000
"2010-06-23 18:00:00",3.75,0
"2010-06-24 18:00:00",3.75,0
"2010-06-25 18:00:00",3.75,12000
"2010-06-28 18:00:00",3.75,0
"2010-06-29 18:00:00",3.5,15000
"2010-06-30 18:00:00",3.5,0
"2010-07-01 18:00:00",3.5,0
"2010-07-02 18:00:00",3.5,0
"2010-07-05 18:00:00",3.5,0
"2010-07-06 18:00:00",3.5,0
"2010-07-07 18:00:00",3.5,0
"2010-07-08 18:00:00",3.5,0
"2010-07-09 18:00:00",3.5,0
"2010-07-12 18:00:00",3.5,0
"2010-07-13 18:00:00",3.5,0
"2010-07-14 18:00:00",3.5,0
"2010-07-15 18:00:00",3.5,0
"2010-07-16 18:00:00",3.5,0
"2010-07-19 18:00:00",3.5,0
"2010-07-20 18:00:00",3.5,0
"2010-07-21 18:00:00",3.5,0
"2010-07-22 18:00:00",3.5,0
"2010-07-23 18:00:00",3.5,0
"2010-07-26 18:00:00",3.5,0
"2010-07-27 18:00:00",3.5,0
"2010-07-28 18:00:00",3.5,0
"2010-07-29 18:00:00",3.4,13000
"2010-07-30 18:00:00",3.4,0
"2010-08-03 18:00:00",3.4,0
"2010-08-04 18:00:00",3.4,0
"2010-08-05 18:00:00",3.4,0
"2010-08-06 18:00:00",3.4,0
"2010-08-09 18:00:00",3.4,0
"2010-08-10 18:00:00",3.4,0
"2010-08-11 18:00:00",3.4,0
"2010-08-12 18:00:00",3.4,0
"2010-08-13 18:00:00",3.4,0
"2010-08-16 18:00:00",3.4,0
"2010-08-17 18:00:00",3.4,0
"2010-08-18 18:00:00",3.5,0
"2010-08-19 18:00:00",3.5,8000
"2010-08-20 18:00:00",3.5,0
"2010-08-23 18:00:00",3.5,0
"2010-08-24 18:00:00",3.5,0
"2010-08-25 18:00:00",3.5,0
"2010-08-26 18:00:00",3.5,0
"2010-08-27 18:00:00",3.5,0
"2010-08-30 18:00:00",3.5,0
"2010-08-31 18:00:00",3.5,0
"2010-09-01 18:00:00",3.5,0
"2010-09-02 18:00:00",3.5,0
"2010-09-03 18:00:00",3.5,0
"2010-09-06 18:00:00",3.5,0
"2010-09-07 18:00:00",3.5,0
"2010-09-08 18:00:00",3.5,0
"2010-09-09 18:00:00",3.5,0
"2010-09-10 18:00:00",3.5,0
"2010-09-13 18:00:00",3.5,0
"2010-09-14 18:00:00",3.5,0
"2010-09-15 18:00:00",3.5,0
"2010-09-16 18:00:00",3.5,0
"2010-09-17 18:00:00",3.5,0
"2010-09-20 18:00:00",3.5,0
"2010-09-21 18:00:00",3.6,0
"2010-09-22 18:00:00",3.7,0
"2010-09-23 18:00:00",3.7,0
"2010-09-24 18:00:00",3.7,0
"2010-09-27 18:00:00",3.7,0
"2010-09-28 18:00:00",3.7,0
"2010-09-29 18:00:00",3.7,0
"2010-09-30 18:00:00",3.7,0
"2010-10-01 18:00:00",3.7,0
"2010-10-04 18:00:00",3.7,0
"2010-10-05 18:00:00",3.7,0
"2010-10-06 18:00:00",3.7,0
"2010-10-07 18:00:00",3.7,0
"2010-10-08 18:00:00",3.7,0
"2010-10-11 18:00:00",3.7,0
"2010-10-12 18:00:00",3.7,0
"2010-10-13 18:00:00",3.7,0
"2010-10-14 18:00:00",3.7,0
"2010-10-15 18:00:00",3.7,0
"2010-10-18 18:00:00",3.7,0
"2010-10-19 18:00:00",3.7,0
"2010-10-20 18:00:00",3.7,0
"2010-10-21 18:00:00",3.7,0
"2010-10-22 18:00:00",3.7,0
"2010-10-25 18:00:00",3.7,0
"2010-10-26 18:00:00",3.7,0
"2010-10-27 18:00:00",3.7,0
"2010-10-28 18:00:00",3.7,0
"2010-10-29 18:00:00",3.7,0
"2010-11-01 18:00:00",3.7,0
"2010-11-02 18:00:00",3.7,0
"2010-11-03 18:00:00",3.5,3240
"2010-11-04 18:00:00",3.5,0
"2010-11-05 18:00:00",3,200000
"2010-11-08 18:00:00",3.5,1515093
"2010-11-09 18:00:00",3.5,30000
"2010-11-10 18:00:00",3.5,1000000
"2010-11-11 18:00:00",3.5,0
"2010-11-12 18:00:00",3.5,0
"2010-11-15 18:00:00",3.5,350000
"2010-11-16 18:00:00",3.6,1000000
"2010-11-17 18:00:00",3.7,1250000
"2010-11-18 18:00:00",3.5,530000
"2010-11-19 18:00:00",3.3,10000
"2010-11-22 18:00:00",3.3,0
"2010-11-23 18:00:00",3.2,500000
"2010-11-24 18:00:00",3.2,16910
"2010-11-25 18:00:00",3.3,0
"2010-11-26 18:00:00",3.4,700000
"2010-11-29 18:00:00",3.8,550000
"2010-11-30 18:00:00",3.7,179487
"2010-12-01 18:00:00",3.7,0
"2010-12-02 18:00:00",3.6,39778
"2010-12-03 18:00:00",3.6,0
"2010-12-06 18:00:00",3.6,0
"2010-12-07 18:00:00",3.5,1000000
"2010-12-08 18:00:00",3.5,0
"2010-12-09 18:00:00",3.5,0
"2010-12-10 18:00:00",3.5,0
"2010-12-13 18:00:00",3.5,0
"2010-12-14 18:00:00",3.42,27778
"2010-12-15 18:00:00",3.42,0
"2010-12-16 18:00:00",3.42,0
"2010-12-17 18:00:00",3.26,2067
"2010-12-20 18:00:00",3.26,40000000
"2010-12-21 18:00:00",3.26,0
"2010-12-22 18:00:00",3.25,0
"2010-12-23 18:00:00",3.25,0
"2010-12-27 18:00:00",3.25,0
"2010-12-28 18:00:00",3.45,519500
"2010-12-29 18:00:00",3.45,0
"2010-12-30 18:00:00",3.15,30000
"2011-01-03 18:00:00",3.15,0
"2011-01-04 18:00:00",3.15,0
"2011-01-05 18:00:00",3.25,15656250
"2011-01-06 18:00:00",3.2,16200000
"2011-01-07 18:00:00",3.17,3329184
"2011-01-10 18:00:00",3.09,10781516
"2011-01-11 18:00:00",3.24,235123862
"2011-01-12 18:00:00",3.54,43908638
"2011-01-13 18:00:00",3.7,31867654
"2011-01-14 18:00:00",3.85,17784331
"2011-01-17 18:00:00",4.11,35131938
"2011-01-18 18:00:00",4.07,29275511
"2011-01-19 18:00:00",4.11,9815831
"2011-01-20 18:00:00",4.11,4044696
"2011-01-21 18:00:00",4.11,600000
"2011-01-24 18:00:00",4.05,11286620
"2011-01-25 18:00:00",4.02,5242932
"2011-01-26 18:00:00",3.95,5193935
"2011-01-27 18:00:00",4.09,15100000
"2011-01-28 18:00:00",4.08,496586
"2011-01-31 18:00:00",4.12,9408000
"2011-02-01 18:00:00",4.02,3791984
"2011-02-02 18:00:00",4.05,20665195
"2011-02-03 18:00:00",4.05,8152457
"2011-02-04 18:00:00",4.19,28204899
"2011-02-07 18:00:00",4.25,2719791
"2011-02-08 18:00:00",4.36,18307173
"2011-02-09 18:00:00",4.31,7745767
"2011-02-10 18:00:00",4.43,4549365
"2011-02-11 18:00:00",4.6,23084774
"2011-02-14 18:00:00",4.6,29849939
"2011-02-15 18:00:00",4.3,30035626
"2011-02-16 18:00:00",4.23,11018547
"2011-02-17 18:00:00",4.12,28429431
"2011-02-18 18:00:00",4.5,302608057
"2011-02-21 18:00:00",4.7,22117159
"2011-02-22 18:00:00",4.6,18935566
"2011-02-23 18:00:00",4.54,27212704
"2011-02-24 18:00:00",4.46,33960383
"2011-02-25 18:00:00",4.46,5631056
"2011-02-28 18:00:00",4.61,62550000
"2011-03-01 18:00:00",4.51,13840000
"2011-03-02 18:00:00",4.45,14484000
"2011-03-03 18:00:00",4.57,8300000
"2011-03-04 18:00:00",4.58,17108700
"2011-03-07 18:00:00",4.39,20925000
"2011-03-08 18:00:00",4.39,0
"2011-03-09 18:00:00",4.45,9460000
"2011-03-10 18:00:00",4.49,5530000
"2011-03-11 18:00:00",4.48,8296961
"2011-03-14 18:00:00",4.48,4034806
"2011-03-15 18:00:00",4.49,25550000
"2011-03-16 18:00:00",4.44,3020000
"2011-03-17 18:00:00",4.42,7930000
"2011-03-18 18:00:00",4.49,18510000
"2011-03-21 18:00:00",4.39,10450000
"2011-03-22 18:00:00",4.4,5280000
"2011-03-23 18:00:00",4.37,7500000
"2011-03-24 18:00:00",4.38,19550000
"2011-03-25 18:00:00",4.41,3150578
"2011-03-28 18:00:00",4.52,17785000
"2011-03-29 18:00:00",4.56,22173291
"2011-03-30 18:00:00",4.56,13500000
"2011-03-31 18:00:00",4.54,13000000
"2011-04-01 18:00:00",4.52,7000000
"2011-04-04 18:00:00",4.38,22500000
"2011-04-05 18:00:00",4.35,17838100
"2011-04-06 18:00:00",4.3,2050000
"2011-04-07 18:00:00",4.27,1562115
"2011-04-08 18:00:00",4.34,7195858
"2011-04-11 18:00:00",4.31,3025000
"2011-04-12 18:00:00",4.43,5074546
"2011-04-13 18:00:00",4.45,264743
"2011-04-14 18:00:00",4.54,65915135
"2011-04-15 18:00:00",4.49,3000000
"2011-04-18 18:00:00",4.47,11500000
"2011-04-19 18:00:00",4.49,3140000
"2011-04-20 18:00:00",4.47,9155000
"2011-04-26 18:00:00",4.49,5000000
"2011-04-27 18:00:00",4.47,155781
"2011-04-28 18:00:00",4.47,9014887
"2011-04-29 18:00:00",4.52,10142000
"2011-05-02 18:00:00",4.55,1267512
"2011-05-03 18:00:00",4.51,4272115
"2011-05-04 18:00:00",4.53,2033113
"2011-05-05 18:00:00",4.59,24350000
"2011-05-06 18:00:00",4.79,14606586
"2011-05-09 18:00:00",4.66,8453000
"2011-05-10 18:00:00",4.71,550000
"2011-05-11 18:00:00",4.71,10616
"2011-05-12 18:00:00",4.83,14199516
"2011-05-13 18:00:00",4.85,1750000
"2011-05-16 18:00:00",4.82,236793
"2011-05-17 18:00:00",4.85,2100000
"2011-05-18 18:00:00",4.87,1060996
"2011-05-19 18:00:00",4.85,140000
"2011-05-20 18:00:00",4.9,3947528
"2011-05-23 18:00:00",4.65,17616992
"2011-05-24 18:00:00",4.77,6812500
"2011-05-25 18:00:00",4.82,4100000
"2011-05-26 18:00:00",4.8,7519167
"2011-05-27 18:00:00",4.77,20180000
"2011-05-30 18:00:00",4.77,20000
"2011-05-31 18:00:00",4.76,3420500
"2011-06-01 18:00:00",4.76,4324230
"2011-06-03 18:00:00",4.76,260000
"2011-06-06 18:00:00",4.64,8673890
"2011-06-07 18:00:00",4.7,3000000
"2011-06-08 18:00:00",4.67,3000000
"2011-06-09 18:00:00",4.69,4712
"2011-06-10 18:00:00",4.67,2100000
"2011-06-14 18:00:00",4.67,0
"2011-06-15 18:00:00",4.65,11100000
"2011-06-16 18:00:00",4.75,9100000
"2011-06-20 18:00:00",4.8,9647644
"2011-06-21 18:00:00",4.87,5368000
"2011-06-22 18:00:00",4.9,405000
"2011-06-23 18:00:00",4.91,2177553
"2011-06-24 18:00:00",4.98,13861153
"2011-06-27 18:00:00",4.93,4223293
"2011-06-28 18:00:00",4.96,4000000
"2011-06-29 18:00:00",4.97,5200000
"2011-06-30 18:00:00",4.99,1415528
"2011-07-01 18:00:00",4.99,761153
"2011-07-04 18:00:00",4.99,0
"2011-07-05 18:00:00",5.04,1710000
"2011-07-06 18:00:00",5.11,7151057
"2011-07-07 18:00:00",5.1,2506014
"2011-07-08 18:00:00",5.18,2368943
"2011-07-11 18:00:00",5.03,15146000
"2011-07-12 18:00:00",4.95,2029845
"2011-07-13 18:00:00",5,1359845
"2011-07-14 18:00:00",5,161000
"2011-07-15 18:00:00",5.05,6260000
"2011-07-18 18:00:00",5.08,4000000
"2011-07-19 18:00:00",5,19866000
"2011-07-20 18:00:00",5.04,6610000
"2011-07-21 18:00:00",4.96,10100000
"2011-07-22 18:00:00",4.96,5000000
"2011-07-25 18:00:00",4.96,431056
"2011-07-26 18:00:00",4.96,0
"2011-07-27 18:00:00",4.96,0
"2011-07-28 18:00:00",4.95,1000000
"2011-07-29 18:00:00",4.99,0
"2011-08-02 18:00:00",4.96,1082407
"2011-08-03 18:00:00",4.95,8056769
"2011-08-04 18:00:00",4.95,2000000
"2011-08-05 18:00:00",5.05,4090000
"2011-08-08 18:00:00",5,2960000
"2011-08-09 18:00:00",5,8343226
"2011-08-10 18:00:00",4.99,9799786
"2011-08-11 18:00:00",5.19,16164000
"2011-08-12 18:00:00",5.17,2129500
"2011-08-15 18:00:00",5.17,0
"2011-08-16 18:00:00",5.2,588241
"2011-08-17 18:00:00",5.1,250000
"2011-08-18 18:00:00",5.1,1429500
"2011-08-19 18:00:00",5.2,14735555
"2011-08-22 18:00:00",5.32,20450000
"2011-08-23 18:00:00",5.36,5300000
"2011-08-24 18:00:00",5.32,1700000
"2011-08-25 18:00:00",5.31,4000000
"2011-08-26 18:00:00",5.33,2020000
"2011-08-29 18:00:00",5.35,14000000
"2011-08-30 18:00:00",5.44,1768000
"2011-08-31 18:00:00",5.39,120000
"2011-09-01 18:00:00",5.39,0
"2011-09-02 18:00:00",5.39,2000000
"2011-09-05 18:00:00",5.35,2000000
"2011-09-06 18:00:00",5.3,7000000
"2011-09-07 18:00:00",5.31,11286220
"2011-09-08 18:00:00",5.3,7000000
"2011-09-09 18:00:00",5.3,0
"2011-09-12 18:00:00",5.18,10312903
"2011-09-13 18:00:00",5.18,1000000
"2011-09-14 18:00:00",5.28,7415000
"2011-09-15 18:00:00",5.33,1320000
"2011-09-16 18:00:00",5.33,215528
"2011-09-19 18:00:00",5.31,20000
"2011-09-20 18:00:00",5.35,374000
"2011-09-21 18:00:00",5.37,12743293
"2011-09-22 18:00:00",5.36,3200000
"2011-09-23 18:00:00",5.39,3957356
"2011-09-26 18:00:00",5.44,136707
"2011-09-27 18:00:00",5.42,7763791
"2011-09-28 18:00:00",5.39,200000
"2011-09-29 18:00:00",5.46,7900000
"2011-09-30 18:00:00",5.7,20726000
"2011-10-03 18:00:00",5.62,15963636
"2011-10-04 18:00:00",5.63,4150088
"2011-10-05 18:00:00",5.62,6300000
"2011-10-06 18:00:00",5.7,7100000
"2011-10-07 18:00:00",5.7,200000
"2011-10-10 18:00:00",5.7,90000
"2011-10-11 18:00:00",5.71,4760000
"2011-10-12 18:00:00",5.7,262115
"2011-10-13 18:00:00",5.7,0
"2011-10-14 18:00:00",5.64,4002790
"2011-10-17 18:00:00",5.58,34546
"2011-10-18 18:00:00",5.66,1610000
"2011-10-19 18:00:00",5.67,7407
"2011-10-20 18:00:00",5.67,15498
"2011-10-21 18:00:00",5.72,86569
"2011-10-24 18:00:00",5.72,0
"2011-10-25 18:00:00",5.66,5530000
"2011-10-26 18:00:00",5.66,4247018
"2011-10-27 18:00:00",5.66,2160000
"2011-10-28 18:00:00",5.71,9932743
"2011-10-31 18:00:00",5.8,8213000
"2011-11-01 18:00:00",5.82,191000
"2011-11-02 18:00:00",5.84,10555000
"2011-11-03 18:00:00",5.65,10451000
"2011-11-04 18:00:00",5.42,38800000
"2011-11-07 18:00:00",5.48,7573059
"2011-11-08 18:00:00",5.42,536262806
"2011-11-09 18:00:00",5.28,39734556
"2011-11-10 18:00:00",5.16,3646584
"2011-11-11 18:00:00",5.13,16627323
"2011-11-14 18:00:00",5.13,0
"2011-11-15 18:00:00",5.14,5000000
"2011-11-16 18:00:00",5.15,64360
"2011-11-17 18:00:00",5.15,0
"2011-11-18 18:00:00",5.13,140000
"2011-11-21 18:00:00",5.16,4773293
"2011-11-22 18:00:00",5.18,155000
"2011-11-23 18:00:00",5.18,700000
"2011-11-24 18:00:00",5.15,4500
"2011-11-25 18:00:00",5.15,0
"2011-11-28 18:00:00",5.11,59355
"2011-11-29 18:00:00",5.09,524230
"2011-11-30 18:00:00",4.95,12000000
"2011-12-01 18:00:00",4.82,12225000
"2011-12-02 18:00:00",4.9,9750000
"2011-12-05 18:00:00",5.03,9150000
"2011-12-06 18:00:00",5.03,4020000
"2011-12-07 18:00:00",5.06,790000
"2011-12-08 18:00:00",5.18,21874230
"2011-12-09 18:00:00",5.2,11402115
"2011-12-12 18:00:00",5.17,40000
"2011-12-13 18:00:00",5.19,0
"2011-12-14 18:00:00",5.21,7000000
"2011-12-15 18:00:00",5.23,3000000
"2011-12-16 18:00:00",5.22,13000000
"2011-12-19 18:00:00",5.16,10100000
"2011-12-20 18:00:00",5.16,0
"2011-12-21 18:00:00",5.05,10100000
"2011-12-22 18:00:00",5.09,13431
"2011-12-23 18:00:00",5.09,0
"2011-12-27 18:00:00",5.06,1405625
"2011-12-28 18:00:00",5.05,5248814
"2011-12-29 18:00:00",5.1,1865700
"2011-12-30 18:00:00",5.03,12192000
"2012-01-02 18:00:00",5.12,4040000
"2012-01-03 18:00:00",5.09,3000000
"2012-01-04 18:00:00",5.03,4097656
"2012-01-05 18:00:00",4.97,755904
"2012-01-06 18:00:00",4.83,35045000
"2012-01-09 18:00:00",4.93,8895000
"2012-01-10 18:00:00",4.97,900000
"2012-01-11 18:00:00",4.98,3537495
"2012-01-12 18:00:00",5.08,2500000
"2012-01-13 18:00:00",5.05,5000000
"2012-01-16 18:00:00",5.09,1003930
"2012-01-17 18:00:00",5.09,89000
"2012-01-18 18:00:00",5.05,300670
"2012-01-19 18:00:00",5.03,5640
"2012-01-20 18:00:00",5.05,3373132
"2012-01-23 18:00:00",5.05,0
"2012-01-24 18:00:00",5.08,230000
"2012-01-25 18:00:00",5.09,194019
"2012-01-26 18:00:00",5.1,4313051
"2012-01-27 18:00:00",5.1,600000
"2012-01-30 18:00:00",5.2,4000000
"2012-01-31 18:00:00",5.2,258846
"2012-02-01 18:00:00",5.2,1044231
"2012-02-02 18:00:00",5.2,0
"2012-02-03 18:00:00",5.3,8160000
"2012-02-06 18:00:00",5.45,16615000
"2012-02-07 18:00:00",5.55,12383000
"2012-02-08 18:00:00",5.59,14123992
"2012-02-09 18:00:00",5.42,12780000
"2012-02-10 18:00:00",5.43,6430000
"2012-02-13 18:00:00",5.43,0
"2012-02-14 18:00:00",5.36,200000
"2012-02-15 18:00:00",5.44,4030000
"2012-02-16 18:00:00",5.48,4000000
"2012-02-17 18:00:00",5.5,22088000
"2012-02-20 18:00:00",5.5,0
"2012-02-21 18:00:00",5.49,3060000
"2012-02-22 18:00:00",5.49,0
"2012-02-23 18:00:00",5.49,1079582
"2012-02-24 18:00:00",5.41,188405000
"2012-02-27 18:00:00",5.43,257000
"2012-02-28 18:00:00",5.43,0
"2012-02-29 18:00:00",5.43,0
"2012-03-01 18:00:00",5.46,11787064
"2012-03-02 18:00:00",5.59,9839000
"2012-03-05 18:00:00",5.62,25715528
"2012-03-06 18:00:00",5.61,6150353
"2012-03-07 18:00:00",5.67,1250000
"2012-03-08 18:00:00",5.69,6055000
"2012-03-09 18:00:00",5.68,653678
"2012-03-12 18:00:00",5.69,650000
"2012-03-13 18:00:00",5.68,4000000
"2012-03-14 18:00:00",5.76,7077350
"2012-03-15 18:00:00",5.9,23657500
"2012-03-16 18:00:00",5.9,83700
"2012-03-19 18:00:00",5.95,10081681
"2012-03-20 18:00:00",5.92,8100000
"2012-03-21 18:00:00",5.9,11738847
"2012-03-22 18:00:00",5.9,19580000
"2012-03-23 18:00:00",5.91,2507957
"2012-03-26 18:00:00",5.95,23530000
"2012-03-27 18:00:00",5.88,10043557
"2012-03-28 18:00:00",5.99,20271971
"2012-03-29 18:00:00",6.03,12600000
"2012-03-30 18:00:00",6.1,8632786
"2012-04-02 18:00:00",6.1,36000
"2012-04-03 18:00:00",6.13,5225197
"2012-04-04 18:00:00",6.13,849031
"2012-04-10 18:00:00",6.17,5818791
"2012-04-11 18:00:00",6.3,5172800
"2012-04-12 18:00:00",6.4,14767500
"2012-04-13 18:00:00",6.43,8200142
"2012-04-16 18:00:00",6.37,11056571
"2012-04-17 18:00:00",6.26,4414759
"2012-04-18 18:00:00",6.32,3604747
"2012-04-20 18:00:00",6.34,4000000
"2012-04-23 18:00:00",6.31,462115
"2012-04-24 18:00:00",6.21,13000000
"2012-04-25 18:00:00",6.22,18533113
"2012-04-26 18:00:00",6.25,6900000
"2012-04-27 18:00:00",6.32,18023487
"2012-04-30 18:00:00",6.28,7405250
"2012-05-02 18:00:00",6.28,4568300
"2012-05-03 18:00:00",6.23,10901170
"2012-05-04 18:00:00",6.24,239183
"2012-05-07 18:00:00",6.53,15161107
"2012-05-08 18:00:00",6.59,23149207
"2012-05-09 18:00:00",6.6,0
"2012-05-10 18:00:00",6.56,2500000
"2012-05-11 18:00:00",6.48,13741107
"2012-05-14 18:00:00",6.5,2018452
"2012-05-15 18:00:00",6.51,8904615
"2012-05-16 18:00:00",6.5,8528153
"2012-05-18 18:00:00",6.3,22142000
"2012-05-21 18:00:00",6.38,13500000
"2012-05-22 18:00:00",6.47,6000000
"2012-05-23 18:00:00",6.48,1000000
"2012-05-24 18:00:00",6.48,0
"2012-05-25 18:00:00",6.53,6000000
"2012-05-29 18:00:00",6.6,7359000
"2012-05-30 18:00:00",6.56,190109
"2012-05-31 18:00:00",6.6,2789359
"2012-06-01 18:00:00",6.56,2016000
"2012-06-04 18:00:00",6.5,1112707
"2012-06-05 18:00:00",6.57,1515000
"2012-06-06 18:00:00",6.6,1300000
"2012-06-07 18:00:00",6.66,9817000
"2012-06-08 18:00:00",6.66,0
"2012-06-11 18:00:00",6.61,46000
"2012-06-12 18:00:00",6.56,4595244
"2012-06-13 18:00:00",6.64,13626000
"2012-06-14 18:00:00",6.63,1000000
"2012-06-15 18:00:00",6.59,9690000
"2012-06-18 18:00:00",6.51,250000
"2012-06-19 18:00:00",6.55,3530182
"2012-06-20 18:00:00",6.35,18316955
"2012-06-21 18:00:00",6.4,11000000
"2012-06-22 18:00:00",6.45,4110000
"2012-06-25 18:00:00",6.42,521467583
"2012-06-26 18:00:00",6.41,14383461
"2012-06-27 18:00:00",6.49,7411162
"2012-06-28 18:00:00",6.63,13378998
"2012-06-29 18:00:00",6.61,31731838
"2012-07-02 18:00:00",6.68,1077164
"2012-07-03 18:00:00",6.66,1539000
"2012-07-04 18:00:00",6.66,7959672
"2012-07-05 18:00:00",6.76,19455328
"2012-07-06 18:00:00",6.825,8257964
"2012-07-09 18:00:00",6.8,4122198
"2012-07-10 18:00:00",6.74,7931309
"2012-07-11 18:00:00",6.73,1253000
"2012-07-12 18:00:00",6.7,6672888
"2012-07-13 18:00:00",6.73,2000000
"2012-07-16 18:00:00",6.7,7000000
"2012-07-17 18:00:00",6.74,1914361
"2012-07-18 18:00:00",6.66,310000
"2012-07-19 18:00:00",6.65,128347
"2012-07-20 18:00:00",6.7,243704
"2012-07-23 18:00:00",6.65,850000
"2012-07-24 18:00:00",6.66,179487
"2012-07-25 18:00:00",6.66,548250
"2012-07-26 18:00:00",6.74,7801000
"2012-07-27 18:00:00",6.67,300000
"2012-07-30 18:00:00",6.68,4179393
"2012-07-31 18:00:00",6.68,200000
"2012-08-01 18:00:00",6.75,2140983
"2012-08-02 18:00:00",6.8,9432743
"2012-08-03 18:00:00",6.85,2109000
"2012-08-07 18:00:00",6.73,11604367
"2012-08-08 18:00:00",6.79,9011111
"2012-08-09 18:00:00",6.79,17096451
"2012-08-10 18:00:00",6.8,2730256
"2012-08-13 18:00:00",7.02,21520137
"2012-08-14 18:00:00",6.96,480669
"2012-08-15 18:00:00",7,5620456
"2012-08-16 18:00:00",7.02,2117094
"2012-08-17 18:00:00",7.02,5509950
"2012-08-20 18:00:00",7.02,6150000
"2012-08-21 18:00:00",7.06,5254621
"2012-08-22 18:00:00",7.06,140000
"2012-08-23 18:00:00",7.05,9832300
"2012-08-24 18:00:00",7.11,10224085
"2012-08-27 18:00:00",7.1,29055802
"2012-08-28 18:00:00",7.1,23814189
"2012-08-29 18:00:00",7.08,1100000
"2012-08-30 18:00:00",7.1,8656000
"2012-08-31 18:00:00",7.12,140000
"2012-09-03 18:00:00",7.01,13419045
"2012-09-04 18:00:00",6.9,15837678
"2012-09-05 18:00:00",6.98,6211792
"2012-09-06 18:00:00",7.04,2411679
"2012-09-07 18:00:00",7.07,5760708
"2012-09-10 18:00:00",7.08,826000
"2012-09-11 18:00:00",7.02,1149284
"2012-09-12 18:00:00",6.96,6230000
"2012-09-13 18:00:00",7,113000
"2012-09-14 18:00:00",7.02,5081530
"2012-09-17 18:00:00",7.02,60000
"2012-09-18 18:00:00",6.995,29121095
"2012-09-19 18:00:00",7.03,40000
"2012-09-20 18:00:00",7.07,5000000
"2012-09-21 18:00:00",7.03,2991745
"2012-09-24 18:00:00",7.03,2151543
"2012-09-25 18:00:00",7.1,8310353
"2012-09-26 18:00:00",7.21,27104476
"2012-09-27 18:00:00",7.13,15396554
"2012-09-28 18:00:00",7.13,4500000
"2012-10-01 18:00:00",7.1,388458835
"2012-10-02 18:00:00",7.15,1199345
"2012-10-03 18:00:00",7.15,6121067
"2012-10-04 18:00:00",7.11,10759775
"2012-10-05 18:00:00",7.01,12145000
"2012-10-08 18:00:00",7.06,7090000
"2012-10-09 18:00:00",7.03,2180000
"2012-10-10 18:00:00",7.03,18627
"2012-10-11 18:00:00",7.09,157743
"2012-10-12 18:00:00",7.09,5500000
"2012-10-15 18:00:00",7.09,140845
"2012-10-16 18:00:00",7,11515000
"2012-10-17 18:00:00",7,5000000
"2012-10-18 18:00:00",7.04,8307000
"2012-10-19 18:00:00",7.08,6000000
"2012-10-22 18:00:00",7.08,2000000
"2012-10-23 18:00:00",7.36,75056386
"2012-10-24 18:00:00",7.46,36207203
"2012-10-25 18:00:00",7.43,37019500
"2012-10-26 18:00:00",7.44,0
"2012-10-29 18:00:00",7.48,12384016
"2012-10-30 18:00:00",7.49,2705000
"2012-10-31 18:00:00",7.49,37830000
"2012-11-01 18:00:00",7.41,14888133
"2012-11-02 18:00:00",7.41,9266000
"2012-11-05 18:00:00",7.43,3094709
"2012-11-06 18:00:00",7.4,650000
"2012-11-07 18:00:00",7.45,27935111
"2012-11-08 18:00:00",7.52,14694554
"2012-11-09 18:00:00",7.53,4201321
"2012-11-12 18:00:00",7.66,366152374
"2012-11-13 18:00:00",7.87,67180973
"2012-11-14 18:00:00",7.9,7753671
"2012-11-15 18:00:00",7.8,12911667
"2012-11-16 18:00:00",7.85,6893908
"2012-11-19 18:00:00",7.82,19142547
"2012-11-20 18:00:00",7.82,173326527
"2012-11-21 18:00:00",7.85,49600000
"2012-11-22 18:00:00",7.84,15244390
"2012-11-23 18:00:00",7.85,2012739
"2012-11-26 18:00:00",7.78,28083437
"2012-11-27 18:00:00",7.7,2390700
"2012-11-28 18:00:00",7.67,2064755
"2012-11-29 18:00:00",7.66,45650701
"2012-11-30 18:00:00",7.7,10467937
"2012-12-03 18:00:00",7.7,3250000
"2012-12-04 18:00:00",7.67,4569794
"2012-12-05 18:00:00",7.67,21614038
"2012-12-06 18:00:00",7.68,19291411
"2012-12-07 18:00:00",7.67,693678
"2012-12-10 18:00:00",7.72,17550000
"2012-12-11 18:00:00",7.74,16645807
"2012-12-12 18:00:00",7.8,893992
"2012-12-13 18:00:00",7.8,8227390
"2012-12-14 18:00:00",7.8,0
"2012-12-17 18:00:00",7.95,23086099
"2012-12-18 18:00:00",8.03,17937877
"2012-12-19 18:00:00",8.11,23526129
"2012-12-20 18:00:00",8.24,100338598
"2012-12-21 18:00:00",8.2,12548000
"2012-12-27 18:00:00",8.21,33071731
"2012-12-28 18:00:00",8.22,9100733
"2013-01-02 18:00:00",8.28,9765381
"2013-01-03 18:00:00",8.48,44935266
"2013-01-04 18:00:00",8.52,70183631
"2013-01-07 18:00:00",8.8,48998801
"2013-01-08 18:00:00",8.77,54125005
"2013-01-09 18:00:00",8.83,5443500
"2013-01-10 18:00:00",9.2,66392282
"2013-01-11 18:00:00",9.35,31950773
"2013-01-14 18:00:00",9.49,27313114
"2013-01-15 18:00:00",9.49,24575670
"2013-01-16 18:00:00",9.75,123828984
"2013-01-17 18:00:00",9.77,47815539
"2013-01-18 18:00:00",9.64,58617887
"2013-01-21 18:00:00",9.5,10653157
"2013-01-22 18:00:00",9.48,13988827
"2013-01-23 18:00:00",9.51,3686768
"2013-01-24 18:00:00",9.42,30604806
"2013-01-25 18:00:00",9.36,20292738
"2013-01-28 18:00:00",9.65,63823446
"2013-01-29 18:00:00",9.58,6711609
"2013-01-30 18:00:00",9.82,26129164
"2013-01-31 18:00:00",9.75,31168617
"2013-02-01 18:00:00",9.99,31680339
"2013-02-04 18:00:00",9.91,3111547
"2013-02-05 18:00:00",10.1,47831908
"2013-02-06 18:00:00",10.25,22036085
"2013-02-07 18:00:00",10.31,38667598
"2013-02-08 18:00:00",10.57,33661415
"2013-02-11 18:00:00",10.68,27828227
"2013-02-12 18:00:00",10.77,46319189
"2013-02-13 18:00:00",10.88,43891397
"2013-02-14 18:00:00",11.01,36867768
"2013-02-15 18:00:00",11.05,17109699
"2013-02-18 18:00:00",11,5345510
"2013-02-19 18:00:00",11.05,20457854
"2013-02-20 18:00:00",11.25,30435401
"2013-02-21 18:00:00",11.6,89987125
"2013-02-22 18:00:00",11.61,28291824
"2013-02-25 18:00:00",11.6,15909788
"2013-02-26 18:00:00",11.52,21319634
"2013-02-27 18:00:00",11.2,57977984
"2013-02-28 18:00:00",11.33,21082500
"2013-03-01 18:00:00",11.7,33264719
"2013-03-04 18:00:00",11.75,6373302
"2013-03-05 18:00:00",11.7,35806496
"2013-03-06 18:00:00",11.82,30681005
"2013-03-07 18:00:00",11.85,15509573
"2013-03-08 18:00:00",11.9,7619159
"2013-03-11 18:00:00",11.82,46860505
"2013-03-12 18:00:00",11.87,10560046
"2013-03-13 18:00:00",11.84,8178600
"2013-03-14 18:00:00",11.6,16286156
"2013-03-15 18:00:00",11.63,19668448
"2013-03-18 18:00:00",11.7,10595000
"2013-03-19 18:00:00",11.63,1694760
"2013-03-20 18:00:00",11.63,8685227
"2013-03-21 18:00:00",11.59,5333254
"2013-03-22 18:00:00",11.5,23431900
"2013-03-25 18:00:00",11.53,4936500
"2013-03-26 18:00:00",11.37,23174875
"2013-03-27 18:00:00",11.35,17570887
"2013-04-02 18:00:00",11.24,24013907
"2013-04-03 18:00:00",11.15,3794389
"2013-04-04 18:00:00",11.18,15263041
"2013-04-05 18:00:00",11.13,3536308
"2013-04-08 18:00:00",11.45,17236453
"2013-04-09 18:00:00",11.48,79235
"2013-04-10 18:00:00",11.5,6665137
"2013-04-11 18:00:00",11.72,25794126
"2013-04-12 18:00:00",11.58,14017065
"2013-04-15 18:00:00",11.57,11543625
"2013-04-16 18:00:00",11.77,24071893
"2013-04-17 18:00:00",12.03,60587482
"2013-04-18 18:00:00",12.2,48997701
"2013-04-19 18:00:00",12.27,9931722
"2013-04-22 18:00:00",12.13,29019864
"2013-04-23 18:00:00",12.54,85201062
"2013-04-24 18:00:00",12.65,67208937
"2013-04-26 18:00:00",12.75,23129200
"2013-04-29 18:00:00",12.87,37499919
"2013-04-30 18:00:00",12.93,33263476
"2013-05-02 18:00:00",13,15907324
"2013-05-03 18:00:00",13.3,76414495
"2013-05-06 18:00:00",13.45,318190873
"2013-05-07 18:00:00",13.4,33325837
"2013-05-08 18:00:00",13.49,32297272
"2013-05-10 18:00:00",13.17,9259754
"2013-05-13 18:00:00",12.85,49668882
"2013-05-14 18:00:00",12.9,77207038
"2013-05-15 18:00:00",12.76,12059052
"2013-05-16 18:00:00",12.6,13649800
"2013-05-17 18:00:00",12.7,9689370
"2013-05-21 18:00:00",12.65,12666085
"2013-05-22 18:00:00",13,38473732
"2013-05-23 18:00:00",12.7,13427596
"2013-05-24 18:00:00",12.85,9382078
"2013-05-27 18:00:00",12.84,566383
"2013-05-28 18:00:00",12.77,5265500
"2013-05-29 18:00:00",12.73,1084363
"2013-05-30 18:00:00",12.65,10898779
"2013-05-31 18:00:00",12.62,3939945
"2013-06-03 18:00:00",12.88,5847063
"2013-06-04 18:00:00",13,21576072
"2013-06-05 18:00:00",12.91,2013802
"2013-06-06 18:00:00",12.94,9112681
"2013-06-07 18:00:00",12.99,5510000
"2013-06-10 18:00:00",12.94,1607743
"2013-06-11 18:00:00",12.94,0
"2013-06-12 18:00:00",13.11,15046599
"2013-06-13 18:00:00",13.05,17658807
"2013-06-14 18:00:00",13.03,3510000
"2013-06-18 18:00:00",13.15,3526200
"2013-06-19 18:00:00",12.97,12977536
"2013-06-20 18:00:00",12.96,3043472
"2013-06-21 18:00:00",12.96,1000000
"2013-06-24 18:00:00",12.93,3774132
"2013-06-25 18:00:00",12.91,443105
"2013-06-26 18:00:00",12.9,75000
"2013-06-27 18:00:00",12.97,11000000
"2013-06-28 18:00:00",12.99,3036880
"2013-07-01 18:00:00",13,2064000
"2013-07-02 18:00:00",13.04,16438752
"2013-07-03 18:00:00",13.2,25435238
"2013-07-04 18:00:00",13.11,1536270
"2013-07-05 18:00:00",13.15,1015950
"2013-07-08 18:00:00",13.25,4796047
"2013-07-09 18:00:00",13.3,919071
"2013-07-10 18:00:00",13.29,3484486
"2013-07-11 18:00:00",13.41,28588769
"2013-07-12 18:00:00",13.5,7037570
"2013-07-15 18:00:00",13.52,2687130
"2013-07-16 18:00:00",13.5,829763
"2013-07-17 18:00:00",13.52,2331984
"2013-07-18 18:00:00",13.6,23220000
"2013-07-19 18:00:00",13.6,8210705
"2013-07-22 18:00:00",13.6,716000
"2013-07-23 18:00:00",13.73,5827500
"2013-07-24 18:00:00",13.95,17156500
"2013-07-25 18:00:00",13.95,5188200
"2013-07-26 18:00:00",13.85,3240828
"2013-07-29 18:00:00",13.94,1180300
"2013-07-30 18:00:00",14,32702600
"2013-07-31 18:00:00",14,37500000
"2013-08-01 18:00:00",14.45,82425498
"2013-08-02 18:00:00",14.875,34865976
"2013-08-06 18:00:00",15.2,38270450
"2013-08-07 18:00:00",15.05,19276311
"2013-08-08 18:00:00",14.96,23945990
"2013-08-09 18:00:00",15,11349186
"2013-08-12 18:00:00",14.8,4938400
"2013-08-13 18:00:00",14.76,17451111
"2013-08-14 18:00:00",14.89,11950000
"2013-08-15 18:00:00",14.61,12846965
"2013-08-16 18:00:00",14.7,13825535
"2013-08-19 18:00:00",14.6,508656
"2013-08-20 18:00:00",14.65,23346180
"2013-08-21 18:00:00",14.66,9153171
"2013-08-22 18:00:00",14.7,29457368
"2013-08-23 18:00:00",14.58,16862052
"2013-08-26 18:00:00",14.46,369571
"2013-08-27 18:00:00",14.35,15570071
"2013-08-28 18:00:00",14.21,20007111
"2013-08-29 18:00:00",14.21,12211922
"2013-08-30 18:00:00",14.28,6510894
"2013-09-02 18:00:00",14.5,36599480
"2013-09-03 18:00:00",14.81,58265967
"2013-09-04 18:00:00",15.1,73957768
"2013-09-05 18:00:00",14.9,14309323
"2013-09-06 18:00:00",14.72,20062232
"2013-09-09 18:00:00",14.62,9756823
"2013-09-10 18:00:00",14.56,20757378
"2013-09-11 18:00:00",14.48,19205860
"2013-09-12 18:00:00",14.77,10437966
"2013-09-13 18:00:00",15.15,30525166
"2013-09-16 18:00:00",15.15,107986431
"2013-09-17 18:00:00",15.2,8081454
"2013-09-18 18:00:00",15.15,2791887
"2013-09-19 18:00:00",14.98,25396000
"2013-09-20 18:00:00",15.05,31054263
"2013-09-23 18:00:00",15,17530991
"2013-09-24 18:00:00",15.1,2591148
"2013-09-25 18:00:00",15.2,19726120
"2013-09-26 18:00:00",15.2,805214
"2013-09-27 18:00:00",15.3,26374769
"2013-09-30 18:00:00",15.2,7627372
"2013-10-01 18:00:00",15.25,22945752
"2013-10-02 18:00:00",15.3,35417688
"2013-10-03 18:00:00",15.45,33588640
"2013-10-04 18:00:00",15.6,12665067
"2013-10-07 18:00:00",15.5,24179320
"2013-10-08 18:00:00",15.4,32811651
"2013-10-09 18:00:00",15.4,1606400
"2013-10-10 18:00:00",15.5,9302042
"2013-10-11 18:00:00",15.55,38381100
"2013-10-14 18:00:00",15.45,49191595
"2013-10-15 18:00:00",15.45,12499100
"2013-10-16 18:00:00",15.45,15765090
"2013-10-17 18:00:00",15.7,26630511
"2013-10-18 18:00:00",15.65,9891229
"2013-10-21 18:00:00",15.7,2445300
"2013-10-22 18:00:00",16,30483750
"2013-10-23 18:00:00",16.15,20312750
"2013-10-24 18:00:00",16.25,37006523
"2013-10-25 18:00:00",16.25,10460580
"2013-10-28 18:00:00",16.3,14250453
"2013-10-29 18:00:00",16.3,9056854
"2013-10-30 18:00:00",16.25,28142083
"2013-10-31 18:00:00",16.85,72010394
"2013-11-01 18:00:00",16.35,33519740
"2013-11-04 18:00:00",16.35,21422324
"2013-11-05 18:00:00",15.95,12733565
"2013-11-06 18:00:00",15.85,21515106
"2013-11-07 18:00:00",15.6,31865099
"2013-11-08 18:00:00",15.85,6469913
"2013-11-11 18:00:00",16,2063000
"2013-11-12 18:00:00",16.35,36910253
"2013-11-13 18:00:00",16.3,20319645
"2013-11-14 18:00:00",16.1,22987000
"2013-11-15 18:00:00",15.9,8978173
"2013-11-18 18:00:00",15.8,8053200
"2013-11-19 18:00:00",15.95,21854041
"2013-11-20 18:00:00",16,7077500
"2013-11-21 18:00:00",16.1,13825000
"2013-11-22 18:00:00",16.15,4094148
"2013-11-25 18:00:00",16.2,15055018
"2013-11-26 18:00:00",16.3,18665150
"2013-11-27 18:00:00",16.55,29347907
"2013-11-28 18:00:00",16.85,42742574
"2013-11-29 18:00:00",16.75,4090684
"2013-12-02 18:00:00",16.9,806700
"2013-12-03 18:00:00",16.85,14607857
"2013-12-04 18:00:00",17.1,36629870
"2013-12-05 18:00:00",16.95,18872100
"2013-12-06 18:00:00",17.25,37828022
"2013-12-09 18:00:00",17.3,8537490
"2013-12-10 18:00:00",17.55,36820487
"2013-12-11 18:00:00",17.45,5130000
"2013-12-12 18:00:00",17.35,8369718
"2013-12-13 18:00:00",17.5,4993039
"2013-12-16 18:00:00",17.5,10995900
"2013-12-17 18:00:00",17.5,8605943
"2013-12-18 18:00:00",17.5,6809433
"2013-12-19 18:00:00",17.5,4871773
"2013-12-20 18:00:00",17.55,39300221
"2013-12-23 18:00:00",17.55,4294041
"2013-12-27 18:00:00",17.9,38308868
"2013-12-30 18:00:00",18.2,32072329
"2014-01-02 18:00:00",18.75,27131961
"2014-01-03 18:00:00",19,45530717
"2014-01-06 18:00:00",19.15,9362560
"2014-01-07 18:00:00",19.2,58627203
"2014-01-08 18:00:00",19.05,17513461
"2014-01-09 18:00:00",19,9937322
"2014-01-10 18:00:00",19.05,7397280
"2014-01-13 18:00:00",18.9,17783318
"2014-01-14 18:00:00",19.15,22319075
"2014-01-15 18:00:00",19.05,10775421
"2014-01-16 18:00:00",19.05,38202845
"2014-01-17 18:00:00",19.05,2366633
"2014-01-20 18:00:00",19.15,19674947
"2014-01-21 18:00:00",19.3,27036956
"2014-01-22 18:00:00",19.1,15919042
"2014-01-23 18:00:00",19.2,2302720
"2014-01-24 18:00:00",19.25,3360667
"2014-01-27 18:00:00",19,6200718
"2014-01-28 18:00:00",18.9,20410316
"2014-01-29 18:00:00",19,1402053
"2014-01-30 18:00:00",19.3,42095525
"2014-01-31 18:00:00",19.65,22241477
"2014-02-03 18:00:00",19.55,16820907
"2014-02-04 18:00:00",19.7,29731850
"2014-02-05 18:00:00",19.7,6470188
"2014-02-06 18:00:00",19.95,22338733
"2014-02-07 18:00:00",18.85,55545004
"2014-02-10 18:00:00",18.9,15928286
"2014-02-11 18:00:00",19.15,411655906
"2014-02-12 18:00:00",18.95,16388977
"2014-02-13 18:00:00",18.85,15201595
"2014-02-14 18:00:00",18.65,6717408
"2014-02-17 18:00:00",18.6,8593738
"2014-02-18 18:00:00",18.55,2627022
"2014-02-19 18:00:00",18.6,5720384
"2014-02-20 18:00:00",19,30324850
"2014-02-21 18:00:00",19,17092105
"2014-02-24 18:00:00",18.45,17694000
"2014-02-25 18:00:00",18.15,32182643
"2014-02-26 18:00:00",18.55,24611405
"2014-02-27 18:00:00",18.85,20156341
"2014-02-28 18:00:00",18.6,17482050
"2014-03-03 18:00:00",18.6,3862854
"2014-03-04 18:00:00",18.9,29404000
"2014-03-05 18:00:00",18.8,2089384
"2014-03-06 18:00:00",18.75,27809522
"2014-03-07 18:00:00",18.65,156363
"2014-03-10 18:00:00",18.65,2712044
"2014-03-11 18:00:00",18.7,12581338
"2014-03-12 18:00:00",18.3,4606861
"2014-03-13 18:00:00",18.19,11596097
"2014-03-14 18:00:00",18.2,384918
"2014-03-17 18:00:00",18.2,1324671
"2014-03-18 18:00:00",18.3,8448807
"2014-03-19 18:00:00",18.55,30910468
"2014-03-20 18:00:00",18.45,5844000
"2014-03-21 18:00:00",18.55,568975
"2014-03-24 18:00:00",18.4,730000
"2014-03-25 18:00:00",18.5,3183928
"2014-03-26 18:00:00",18.1,9544652
"2014-03-27 18:00:00",17.8,8215783
"2014-03-28 18:00:00",17.25,26369429
"2014-03-31 18:00:00",17.9,19265213
"2014-04-01 18:00:00",17.7,11728022
"2014-04-02 18:00:00",17.6,8809410
"2014-04-03 18:00:00",17.5,5786530
"2014-04-04 18:00:00",18,19534144
"2014-04-07 18:00:00",17.75,6037329
"2014-04-08 18:00:00",17.9,27223237
"2014-04-09 18:00:00",18.15,36991954
"2014-04-10 18:00:00",17.95,2210500
"2014-04-11 18:00:00",17.8,5307548
"2014-04-14 18:00:00",17.7,7151000
"2014-04-15 18:00:00",17.55,13240164
"2014-04-16 18:00:00",17.65,4131140
"2014-04-22 18:00:00",17.8,2318511
"2014-04-23 18:00:00",17.6,11761131
"2014-04-25 18:00:00",17.4,16416240
"2014-04-28 18:00:00",17.25,3118861
"2014-04-29 18:00:00",17,17304642
"2014-04-30 18:00:00",17.35,25076536
"2014-05-02 18:00:00",17,18767561
"2014-05-05 18:00:00",16.85,3906833
"2014-05-06 18:00:00",17,24061069
"2014-05-07 18:00:00",17.35,25821763
"2014-05-08 18:00:00",17.2,15972500
"2014-05-09 18:00:00",17.2,4711505
"2014-05-12 18:00:00",17,40797098
"2014-05-13 18:00:00",17,17808551
"2014-05-14 18:00:00",17.2,42880329
"2014-05-15 18:00:00",17.1,10961418
"2014-05-16 18:00:00",17.05,7567823
"2014-05-19 18:00:00",17.05,8549613
"2014-05-20 18:00:00",16.45,29968000
"2014-05-21 18:00:00",16.5,23076874
"2014-05-22 18:00:00",17.45,24312920
"2014-05-23 18:00:00",17.3,4260000
"2014-05-26 18:00:00",17.65,31508840
"2014-05-27 18:00:00",17.55,6698000
"2014-05-28 18:00:00",18,13724917
"2014-05-30 18:00:00",17.8,14858902
"2014-06-02 18:00:00",17.9,46597463
"2014-06-03 18:00:00",17.8,1992982
"2014-06-04 18:00:00",17.9,9537029
"2014-06-05 18:00:00",17.65,16432860
"2014-06-06 18:00:00",17.65,6019500
"2014-06-10 18:00:00",17.65,12508000
"2014-06-11 18:00:00",17.3,5280000
"2014-06-12 18:00:00",17.55,25400100
"2014-06-13 18:00:00",17.7,22518443
"2014-06-16 18:00:00",17.4,11403626
"2014-06-18 18:00:00",17.7,6448154
"2014-06-19 18:00:00",17.4,6875359
"2014-06-20 18:00:00",17.3,8460499
"2014-06-23 18:00:00",17.3,18433747
"2014-06-24 18:00:00",17.1,9028500
"2014-06-25 18:00:00",17.1,6363009
"2014-06-26 18:00:00",17.15,1502000
"2014-06-27 18:00:00",17.2,110358
"2014-06-30 18:00:00",17.1,10078810
"2014-07-01 18:00:00",17,22284000
"2014-07-02 18:00:00",16.87,10265000
"2014-07-03 18:00:00",16.85,58654
"2014-07-04 18:00:00",17,2300000
"2014-07-07 18:00:00",17.25,30891010
"2014-07-08 18:00:00",17.5,5318152
"2014-07-09 18:00:00",17.35,1215022
"2014-07-10 18:00:00",17.3,4461000
"2014-07-11 18:00:00",17.2,3541245
"2014-07-14 18:00:00",17.35,3714504
"2014-07-15 18:00:00",17.15,4680000
"2014-07-16 18:00:00",17.25,1700000
"2014-07-17 18:00:00",17.4,30000
"2014-07-18 18:00:00",17.2,888065
"2014-07-21 18:00:00",17.15,5289935
"2014-07-22 18:00:00",17.15,359489
"2014-07-23 18:00:00",17.2,235000
"2014-07-24 18:00:00",17.4,5481975
"2014-07-25 18:00:00",17.65,17047729
"2014-07-28 18:00:00",17.5,2687831
"2014-07-29 18:00:00",17.65,965976
"2014-07-30 18:00:00",17.7,6553672
"2014-07-31 18:00:00",18.1,38718538
"2014-08-01 18:00:00",18.6,32770000
"2014-08-05 18:00:00",18.55,3406500
"2014-08-06 18:00:00",18.7,21740957
"2014-08-07 18:00:00",18.85,17173644
"2014-08-08 18:00:00",18.7,11765176
"2014-08-11 18:00:00",18.75,195870
"2014-08-12 18:00:00",18.75,1709798
"2014-08-13 18:00:00",18.4,17180357
"2014-08-14 18:00:00",18.45,2746780
"2014-08-15 18:00:00",18.4,7610000
"2014-08-18 18:00:00",17.6,42690037
"2014-08-19 18:00:00",17.675,21328571
"2014-08-20 18:00:00",17.65,4741814
"2014-08-21 18:00:00",17.8,9191603
"2014-08-22 18:00:00",17.5,5518808
"2014-08-25 18:00:00",17.45,668198
"2014-08-26 18:00:00",17.45,3927500
"2014-08-27 18:00:00",17.4,15278636
"2014-08-28 18:00:00",17.35,1130000
"2014-08-29 18:00:00",17.75,27700000
"2014-09-01 18:00:00",18.1,16757674
"2014-09-02 18:00:00",18,3541634
"2014-09-03 18:00:00",17.85,28473600
"2014-09-04 18:00:00",17.9,4313000
"2014-09-05 18:00:00",17.85,7850000
"2014-09-08 18:00:00",18.1,14445646
"2014-09-09 18:00:00",18,10252868
"2014-09-10 18:00:00",17.6,14246918
"2014-09-11 18:00:00",17.75,59623054
"2014-09-12 18:00:00",17.6,2615000
"2014-09-15 18:00:00",17.3,17605270
"2014-09-16 18:00:00",17.2,18600000
"2014-09-17 18:00:00",17.3,722304
"2014-09-18 18:00:00",17.3,885367
"2014-09-19 18:00:00",17.25,2808000
"2014-09-22 18:00:00",17.4,36495635
"2014-09-23 18:00:00",17.8,22524480
"2014-09-24 18:00:00",17.5,11652275
"2014-09-25 18:00:00",17.4,2848671
"2014-09-26 18:00:00",17.4,2256006
"2014-09-29 18:00:00",17.35,1389082
"2014-09-30 18:00:00",17.35,4464155
"2014-10-01 18:00:00",17.4,14444328
"2014-10-02 18:00:00",17.5,2139346
"2014-10-03 18:00:00",17.5,1618439
"2014-10-06 18:00:00",17.7,4625000
"2014-10-07 18:00:00",17.9,20798823
"2014-10-08 18:00:00",17.85,8976387
"2014-10-09 18:00:00",17.9,5230120
"2014-10-10 18:00:00",17.65,13904887
"2014-10-13 18:00:00",17.8,4295600
"2014-10-14 18:00:00",17.65,5869343
"2014-10-15 18:00:00",17.4,18838132
"2014-10-16 18:00:00",17.4,21839835
"2014-10-17 18:00:00",17.525,7400000
"2014-10-20 18:00:00",17.5,252293
"2014-10-21 18:00:00",17.65,10999870
"2014-10-22 18:00:00",17.9,5086024
"2014-10-23 18:00:00",18.25,36260110
"2014-10-24 18:00:00",18.2,14654028
"2014-10-27 18:00:00",18.55,35220399
"2014-10-28 18:00:00",18.35,12755868
"2014-10-29 18:00:00",18.35,7614565
"2014-10-30 18:00:00",18.35,29876999
"2014-10-31 18:00:00",17.95,60405387
"2014-11-03 18:00:00",18,14009557
"2014-11-04 18:00:00",18.5,68365513
"2014-11-05 18:00:00",18.7,34103050
"2014-11-06 18:00:00",18.45,18830426
"2014-11-07 18:00:00",18.55,11723000
"2014-11-10 18:00:00",18.55,650000
"2014-11-11 18:00:00",18.35,8500000
"2014-11-12 18:00:00",18.37,2208500
"2014-11-13 18:00:00",18.5,1026206
"2014-11-14 18:00:00",18.45,7101635
"2014-11-17 18:00:00",18.75,56531306
"2014-11-18 18:00:00",19,28695049
"2014-11-19 18:00:00",19.025,2118852
"2014-11-20 18:00:00",19,19588347
"2014-11-21 18:00:00",19.05,47928463
"2014-11-24 18:00:00",18.95,5606025
"2014-11-25 18:00:00",18.95,11000000
"2014-11-26 18:00:00",18.9,13552000
"2014-11-27 18:00:00",19.15,14784674
"2014-11-28 18:00:00",19.6,45018800
"2014-12-01 18:00:00",19.8,20354529
"2014-12-02 18:00:00",19.8,2193500
"2014-12-03 18:00:00",19.775,761146
"2014-12-04 18:00:00",20.25,44255650
"2014-12-05 18:00:00",20.1,2207540
"2014-12-08 18:00:00",20.4,14258343
"2014-12-09 18:00:00",20.65,21655897
"2014-12-10 18:00:00",21.4,37213977
"2014-12-11 18:00:00",21.35,1867690
"2014-12-12 18:00:00",21.2,6302450
"2014-12-15 18:00:00",21.25,3554104
"2014-12-16 18:00:00",21.225,10643643
"2014-12-17 18:00:00",20.9,2178427
"2014-12-18 18:00:00",20.9,19686708
"2014-12-19 18:00:00",21.1,10882577
"2014-12-22 18:00:00",21.15,7479251
"2014-12-23 18:00:00",21.3,6320487
"2014-12-29 18:00:00",21.25,7570000
"2014-12-30 18:00:00",21.4,8593986
"2015-01-02 18:00:00",21.9,22179577
"2015-01-05 18:00:00",22.5,39883493
"2015-01-06 18:00:00",22.3,23000571
"2015-01-07 18:00:00",22.45,9201786
"2015-01-08 18:00:00",23,39609259
"2015-01-09 18:00:00",22.85,17679179
"2015-01-12 18:00:00",22.7,8228829
"2015-01-13 18:00:00",23.2,24181721
"2015-01-14 18:00:00",23.2,12384874
"2015-01-15 18:00:00",22.875,20873303
"2015-01-16 18:00:00",22.825,2943035
"2015-01-19 18:00:00",22.6,12871847
"2015-01-20 18:00:00",22.85,11033444
"2015-01-21 18:00:00",22.7,18756851
"2015-01-22 18:00:00",22.85,12850867
"2015-01-23 18:00:00",22.9,2299199
"2015-01-26 18:00:00",22.85,1509366
"2015-01-27 18:00:00",23,17268508
"2015-01-28 18:00:00",23.1,13854205
"2015-01-29 18:00:00",23.15,1646788
"2015-01-30 18:00:00",22.95,16898900
"2015-02-02 18:00:00",22.9,5466149
"2015-02-03 18:00:00",23,1555357
"2015-02-04 18:00:00",22.85,6566205
"2015-02-05 18:00:00",23.1,12238000
"2015-02-06 18:00:00",21.7,69639731
"2015-02-09 18:00:00",21.55,14931557
"2015-02-10 18:00:00",21.2,9363122
"2015-02-11 18:00:00",21.7,7494244
"2015-02-12 18:00:00",21.6,6765758
"2015-02-13 18:00:00",21.5,9487727
"2015-02-16 18:00:00",21.45,390698
"2015-02-17 18:00:00",21.15,8561000
"2015-02-18 18:00:00",20.95,37449154
"2015-02-19 18:00:00",21.2,26758781
"2015-02-20 18:00:00",21.05,7391060
"2015-02-23 18:00:00",21.175,3500000
"2015-02-24 18:00:00",21.25,2026480
"2015-02-25 18:00:00",21.3,119215
"2015-02-26 18:00:00",21.2,14514534
"2015-02-27 18:00:00",21.15,8771000
"2015-03-02 18:00:00",21.35,10052717
"2015-03-03 18:00:00",21.7,11580020
"2015-03-04 18:00:00",22,14161839
"2015-03-05 18:00:00",22,10517590
"2015-03-06 18:00:00",21.8,21366300
"2015-03-09 18:00:00",22.1,4001955
"2015-03-10 18:00:00",22.1,10057717
"2015-03-11 18:00:00",22.1,2225487
"2015-03-12 18:00:00",21.8,6847706
"2015-03-13 18:00:00",21.8,15274704
"2015-03-16 18:00:00",21.75,561198
"2015-03-17 18:00:00",21.75,5639555
"2015-03-18 18:00:00",21.9,351000
"2015-03-19 18:00:00",21.7,13207423
"2015-03-20 18:00:00",21.6,4500000
"2015-03-23 18:00:00",21.4,9605000
"2015-03-24 18:00:00",21.5,4907324
"2015-03-25 18:00:00",21.15,15836099
"2015-03-26 18:00:00",21.05,2825000
"2015-03-27 18:00:00",21,7848586
"2015-03-30 18:00:00",20.95,3738970
"2015-03-31 18:00:00",21.1,2243089
"2015-04-01 18:00:00",21,13425000
"2015-04-07 18:00:00",21,1063524
"2015-04-08 18:00:00",21.45,17345880
"2015-04-09 18:00:00",21.325,1952569
"2015-04-10 18:00:00",21.35,1020711
"2015-04-13 18:00:00",21.25,15408000
"2015-04-14 18:00:00",21.2,4942467
"2015-04-15 18:00:00",21.4,2909719
"2015-04-16 18:00:00",21.35,2053398
"2015-04-17 18:00:00",21.2,22488903
"2015-04-20 18:00:00",21.3,19982831
"2015-04-21 18:00:00",21.21,5989518
"2015-04-22 18:00:00",21.3,5411993
"2015-04-24 18:00:00",21.4,33701192
"2015-04-27 18:00:00",21.325,3393226
"2015-04-28 18:00:00",21.25,3382824
"2015-04-29 18:00:00",21.35,12618681
"2015-04-30 18:00:00",21.625,38163897
"2015-05-04 18:00:00",21.7,2341350
"2015-05-05 18:00:00",21.65,10631000
"2015-05-06 18:00:00",21.7,7735060
"2015-05-07 18:00:00",21.7,3000000
"2015-05-08 18:00:00",21.5,4343360
"2015-05-11 18:00:00",21.9,21713330
"2015-05-12 18:00:00",22.25,11127407
"2015-05-13 18:00:00",22.4,1023000
"2015-05-15 18:00:00",22.5,24503500
"2015-05-18 18:00:00",22.4,5952112
"2015-05-19 18:00:00",23.05,31184114
"2015-05-20 18:00:00",22.8,12870547
"2015-05-21 18:00:00",22.8,14401398
"2015-05-22 18:00:00",22.6,10083592
"2015-05-26 18:00:00",23,32222620
"2015-05-27 18:00:00",23.8,27092234
"2015-05-28 18:00:00",23.75,9118650
"2015-05-29 18:00:00",23.55,22650844
"2015-06-01 18:00:00",23.55,1295307
"2015-06-02 18:00:00",23.85,7832165
"2015-06-03 18:00:00",24.05,74091669
"2015-06-04 18:00:00",24.05,22156669
"2015-06-05 18:00:00",24.1,8543000
"2015-06-08 18:00:00",24.55,30576273
"2015-06-09 18:00:00",24.6,22557748
"2015-06-10 18:00:00",24.3,23003150
"2015-06-11 18:00:00",24.3,10580662
"2015-06-12 18:00:00",24.35,5240000
"2015-06-15 18:00:00",24.55,7252841
"2015-06-16 18:00:00",24.4,14880000
"2015-06-18 18:00:00",24.45,11006134
"2015-06-19 18:00:00",24.45,2468390
"2015-06-22 18:00:00",24.35,2560000
"2015-06-23 18:00:00",24.5,3887072
"2015-06-24 18:00:00",24.55,6786400
"2015-06-25 18:00:00",24.65,4098228
"2015-06-26 18:00:00",24.75,11400992
"2015-06-29 18:00:00",24.7,4121076
"2015-06-30 18:00:00",24.95,28066500
"2015-07-01 18:00:00",25,7677460
"2015-07-02 18:00:00",24.95,14261670
"2015-07-03 18:00:00",24.8,9048506
"2015-07-06 18:00:00",24.8,3000000
"2015-07-07 18:00:00",25.15,22511201
"2015-07-08 18:00:00",25.1,5580000
"2015-07-09 18:00:00",25.3,14400556
"2015-07-10 18:00:00",25.3,704657
"2015-07-13 18:00:00",25.3,111621
"2015-07-14 18:00:00",25.15,1700000
"2015-07-15 18:00:00",25.2,3230777
"2015-07-16 18:00:00",25.2,10275677
"2015-07-17 18:00:00",25.15,2282436
"2015-07-20 18:00:00",25.05,12905000
"2015-07-21 18:00:00",25.1,2096091
"2015-07-22 18:00:00",25.25,132718
"2015-07-23 18:00:00",25.2,1229208
"2015-07-24 18:00:00",25.2,27336000
"2015-07-27 18:00:00",25.3,2173986
"2015-07-28 18:00:00",25.85,11416052
"2015-07-29 18:00:00",26.25,22138700
"2015-07-30 18:00:00",26.45,4379584
"2015-07-31 18:00:00",26.2,8722024
"2015-08-04 18:00:00",26.25,11502000
"2015-08-05 18:00:00",26.3,3357703
"2015-08-06 18:00:00",26.2,3872550
"2015-08-07 18:00:00",26.2,8429454
"2015-08-10 18:00:00",26.4,1210884
"2015-08-11 18:00:00",26.25,4369645
"2015-08-12 18:00:00",26.25,29903890
"2015-08-13 18:00:00",26.45,25013615
"2015-08-14 18:00:00",26.75,676976
"2015-08-17 18:00:00",26.85,22379000
"2015-08-18 18:00:00",26.65,6744575
"2015-08-19 18:00:00",27.25,10413000
"2015-08-20 18:00:00",28,38770498
"2015-08-21 18:00:00",27.85,12554521
"2015-08-24 18:00:00",27.15,49389359
"2015-08-25 18:00:00",27.8,26510027
"2015-08-26 18:00:00",27.75,16035878
"2015-08-27 18:00:00",28.25,12457976
"2015-08-28 18:00:00",28.2,5938957
"2015-08-31 18:00:00",27.95,22996837
"2015-09-01 18:00:00",28.1,20142551
"2015-09-02 18:00:00",27.9,513941
"2015-09-03 18:00:00",28.1,1364921
"2015-09-04 18:00:00",28.5,8282634
"2015-09-07 18:00:00",28.95,23235175
"2015-09-08 18:00:00",29.7,33641780
"2015-09-09 18:00:00",29.65,17646617
"2015-09-10 18:00:00",29.8,486748
"2015-09-11 18:00:00",29.8,1794210
"2015-09-14 18:00:00",29.7,11757066
"2015-09-15 18:00:00",29.5,722631
"2015-09-16 18:00:00",29.75,16736690
"2015-09-17 18:00:00",29.8,3523500
"2015-09-18 18:00:00",29.65,4387313
"2015-09-21 18:00:00",29.7,8010286
"2015-09-22 18:00:00",29.6,17012000
"2015-09-23 18:00:00",30,19466647
"2015-09-24 18:00:00",30,14495725
"2015-09-25 18:00:00",30.1,6926202
"2015-09-28 18:00:00",30.1,10613651
"2015-09-29 18:00:00",30.05,2920333
"2015-09-30 18:00:00",30,2704279
"2015-10-01 18:00:00",30.35,7162150
"2015-10-02 18:00:00",30.7,42173046
"2015-10-05 18:00:00",31,1621497
"2015-10-06 18:00:00",30.85,2431192
"2015-10-07 18:00:00",31.35,31701325
"2015-10-08 18:00:00",31.25,3719689
"2015-10-09 18:00:00",31.45,12102336
"2015-10-12 18:00:00",31.4,3730329
"2015-10-13 18:00:00",31.7,13549790
"2015-10-14 18:00:00",31.95,22020268
"2015-10-15 18:00:00",31.9,163200
"2015-10-16 18:00:00",32.1,14471619
"2015-10-19 18:00:00",32,11128742
"2015-10-20 18:00:00",32.25,10454297
"2015-10-21 18:00:00",32,4623410
"2015-10-22 18:00:00",32.15,12208147
"2015-10-23 18:00:00",32.375,15001948
"2015-10-26 18:00:00",33.55,52351478
"2015-10-27 18:00:00",33.7,18875615
"2015-10-28 18:00:00",34.05,11405671
"2015-10-29 18:00:00",34.25,16486972
"2015-10-30 18:00:00",34.5,23231910
"2015-11-02 18:00:00",34.2,11190180
"2015-11-03 18:00:00",34.1,20008491
"2015-11-04 18:00:00",34.65,40141856
"2015-11-05 18:00:00",34.65,32815578
"2015-11-06 18:00:00",34.5,25629419
"2015-11-09 18:00:00",34.5,6107019
"2015-11-10 18:00:00",34.55,3871443
"2015-11-11 18:00:00",33.45,28816601
"2015-11-12 18:00:00",33.45,18918086
"2015-11-13 18:00:00",34.2,38412538
"2015-11-16 18:00:00",33.6,5621500
"2015-11-17 18:00:00",33.15,19977245
"2015-11-18 18:00:00",33,18514500
"2015-11-19 18:00:00",32.65,13981085
"2015-11-20 18:00:00",32.85,2299776
"2015-11-23 18:00:00",33.3,27657500
"2015-11-24 18:00:00",31.95,65155991
"2015-11-25 18:00:00",31.6,78998340
"2015-11-26 18:00:00",32,17348300
"2015-11-27 18:00:00",32,1211000
"2015-11-30 18:00:00",31.95,10350800
"2015-12-01 18:00:00",31.8,1720886
"2015-12-02 18:00:00",32,7981870
"2015-12-03 18:00:00",32.7,19004243
"2015-12-04 18:00:00",32.85,13200600
"2015-12-07 18:00:00",33,6085150
"2015-12-08 18:00:00",33.9,12685128
"2015-12-09 18:00:00",34.05,3039620
"2015-12-10 18:00:00",33.825,3946400
"2015-12-11 18:00:00",34,3431834
"2015-12-14 18:00:00",34.75,56699919
"2015-12-15 18:00:00",34.5,5778786
"2015-12-16 18:00:00",35,23014445
"2015-12-17 18:00:00",35.2,11094474
"2015-12-18 18:00:00",35,1891189
"2015-12-21 18:00:00",35.1,8122109
"2015-12-22 18:00:00",35.15,2486153
"2015-12-23 18:00:00",35.25,7776000
"2015-12-28 18:00:00",34.95,4711848
"2015-12-29 18:00:00",34.9,3389700
"2015-12-30 18:00:00",35.4,19204216
"2016-01-04 18:00:00",35.95,31730037
"2016-01-05 18:00:00",36.35,29263877
"2016-01-06 18:00:00",37.1,55767612
"2016-01-07 18:00:00",36.65,21009539
"2016-01-08 18:00:00",36.75,24092684
"2016-01-11 18:00:00",35.8,14310832
"2016-01-12 18:00:00",35.8,23961968
"2016-01-13 18:00:00",35.35,21578150
"2016-01-14 18:00:00",33.9,36500937
"2016-01-15 18:00:00",32.65,41637412
"2016-01-18 18:00:00",32.7,54008021
"2016-01-19 18:00:00",33.9,29431616
"2016-01-20 18:00:00",33.3,29616287
"2016-01-21 18:00:00",33.95,18600839
"2016-01-22 18:00:00",34.8,18945675
"2016-01-25 18:00:00",34.55,19285500
"2016-01-26 18:00:00",34.8,24211276
"2016-01-27 18:00:00",34.45,6047831
"2016-01-28 18:00:00",34.25,8065150
"2016-01-29 18:00:00",34.35,4675000
"2016-02-01 18:00:00",34.7,14928924
"2016-02-02 18:00:00",34.95,7575343
"2016-02-03 18:00:00",34.6,8661676
"2016-02-04 18:00:00",34.6,5819700
"2016-02-05 18:00:00",34.2,11018041
"2016-02-08 18:00:00",32.9,33456018
"2016-02-09 18:00:00",35.15,92885423
"2016-02-10 18:00:00",35.7,72900674
"2016-02-11 18:00:00",35.15,10913332
"2016-02-12 18:00:00",34.85,22273862
"2016-02-15 18:00:00",34.45,30108135
"2016-02-16 18:00:00",34.55,12204963
"2016-02-17 18:00:00",35.025,24079184
"2016-02-18 18:00:00",34.9,26482704
"2016-02-19 18:00:00",35.05,255700
"2016-02-22 18:00:00",35.3,19010500
"2016-02-23 18:00:00",35.9,24277297
"2016-02-24 18:00:00",35.55,33661991
"2016-02-25 18:00:00",36.05,27975913
"2016-02-26 18:00:00",36.95,28582900
"2016-02-29 18:00:00",37,20296157
"2016-03-01 18:00:00",37.3,19085656
"2016-03-02 18:00:00",37.2,10895516
"2016-03-03 18:00:00",37.375,3468500
"2016-03-04 18:00:00",37.3,4375383
"2016-03-07 18:00:00",37.5,24267867
"2016-03-08 18:00:00",37.65,21232112
"2016-03-09 18:00:00",37.65,7490238
"2016-03-10 18:00:00",37.9,10639621
"2016-03-11 18:00:00",37.35,15177696
"2016-03-14 18:00:00",37.7,6021500
"2016-03-15 18:00:00",38.35,29600733
"2016-03-16 18:00:00",37.75,20033100
"2016-03-17 18:00:00",37.75,13814263
"2016-03-18 18:00:00",37.95,1123795
"2016-03-21 18:00:00",37.75,5879342
"2016-03-22 18:00:00",37.2,14817000
"2016-03-23 18:00:00",37.1,3278060
"2016-03-29 18:00:00",37,1176695
"2016-03-30 18:00:00",37.5,17676105
"2016-03-31 18:00:00",37.55,12201333
"2016-04-01 18:00:00",37.7,5039650
"2016-04-04 18:00:00",37.45,9960600
"2016-04-05 18:00:00",37.2,21768519
"2016-04-06 18:00:00",37.2,20866825
"2016-04-07 18:00:00",37.3,2715959
"2016-04-08 18:00:00",37.8,2913827
"2016-04-11 18:00:00",37.625,9301255
"2016-04-12 18:00:00",37.8,9644307
"2016-04-13 18:00:00",38,20845879
"2016-04-14 18:00:00",38.2,3145209
"2016-04-15 18:00:00",38.4,17276874
"2016-04-18 18:00:00",38.2,6201121
"2016-04-19 18:00:00",38.1,6719295
"2016-04-20 18:00:00",37.95,4780571
"2016-04-22 18:00:00",38.1,16179748
"2016-04-25 18:00:00",38.15,2979552
"2016-04-26 18:00:00",38.3,9119200
"2016-04-27 18:00:00",38.5,29674783
"2016-04-28 18:00:00",38.9,27621595
"2016-04-29 18:00:00",36,102258124
"2016-05-02 18:00:00",34.75,44013845
"2016-05-03 18:00:00",35.45,43374260
"2016-05-04 18:00:00",35.85,29689176
"2016-05-06 18:00:00",36.4,27312308
"2016-05-09 18:00:00",36.3,3792347
"2016-05-10 18:00:00",35.6,8066892
"2016-05-11 18:00:00",34.95,10669550
"2016-05-12 18:00:00",34.9,36257940
"2016-05-13 18:00:00",34.65,5348098
"2016-05-17 18:00:00",33.7,28026006
"2016-05-18 18:00:00",33.3,39704593
"2016-05-19 18:00:00",32.95,20322898
"2016-05-20 18:00:00",32.55,31344388
"2016-05-23 18:00:00",33,47688725
"2016-05-24 18:00:00",33.4,22107470
"2016-05-25 18:00:00",32.75,18871495
"2016-05-26 18:00:00",32.7,5346798
"2016-05-27 18:00:00",32.75,10523078
"2016-05-30 18:00:00",33.2,36022500
"2016-05-31 18:00:00",33.2,13089657
"2016-06-01 18:00:00",32.6,9301680
"2016-06-02 18:00:00",32.35,8891775
"2016-06-03 18:00:00",31.9,20457727
"2016-06-06 18:00:00",31.05,26386027
"2016-06-07 18:00:00",31.8,11834901
"2016-06-08 18:00:00",30.85,32374410
"2016-06-09 18:00:00",31,5173727
"2016-06-10 18:00:00",31.3,26478516
"2016-06-13 18:00:00",31,3365109
"2016-06-14 18:00:00",31.1,2717534
"2016-06-15 18:00:00",31.75,7517548
"2016-06-16 18:00:00",32.3,24113913
"2016-06-20 18:00:00",32.65,13712258
"2016-06-21 18:00:00",32.85,12666588
"2016-06-22 18:00:00",32.6,5219286
"2016-06-23 18:00:00",33,8548700
"2016-06-24 18:00:00",31,21783236
"2016-06-27 18:00:00",29.85,33788744
"2016-06-28 18:00:00",31,9509049
"2016-06-29 18:00:00",31,13376082
"2016-06-30 18:00:00",31.25,2858374
"2016-07-01 18:00:00",31.35,8080938
"2016-07-04 18:00:00",31,9059056
"2016-07-05 18:00:00",31.3,5402471
"2016-07-06 18:00:00",30.6,19147973
"2016-07-07 18:00:00",30.75,8379487
"2016-07-08 18:00:00",31.1,4441500
"2016-07-11 18:00:00",31.8,10486876
"2016-07-12 18:00:00",32.05,25377500
"2016-07-13 18:00:00",32.7,30452587
"2016-07-14 18:00:00",32.9,5483530
"2016-07-15 18:00:00",32.8,3593494
"2016-07-18 18:00:00",32.8,1427391
"2016-07-19 18:00:00",32.3,6151000
"2016-07-20 18:00:00",32.45,7988768
"2016-07-21 18:00:00",31.9,11089200
"2016-07-22 18:00:00",31.55,6136300
"2016-07-25 18:00:00",31.45,4361000
"2016-07-26 18:00:00",30.8,17748927
"2016-07-27 18:00:00",30.35,8120900
"2016-07-28 18:00:00",27.9,45143525
"2016-07-29 18:00:00",27.45,21051342
"2016-08-02 18:00:00",28.1,7812737
"2016-08-03 18:00:00",28.75,22249131
"2016-08-04 18:00:00",28.5,28193829
"2016-08-05 18:00:00",27.9,17355930
"2016-08-08 18:00:00",27.35,14207386
"2016-08-09 18:00:00",27.25,35995702
"2016-08-10 18:00:00",27.2,11851400
"2016-08-11 18:00:00",27.2,1781950
"2016-08-12 18:00:00",27.3,12643685
"2016-08-15 18:00:00",27.6,15815670
"2016-08-16 18:00:00",27.6,13345000
"2016-08-17 18:00:00",27.05,19352800
"2016-08-18 18:00:00",26.9,12286760
"2016-08-19 18:00:00",26.85,66296466
"2016-08-22 18:00:00",27,1698400
"2016-08-23 18:00:00",26.9,403000
"2016-08-24 18:00:00",27.7,23399000
"2016-08-25 18:00:00",26.9,18356108
"2016-08-26 18:00:00",26.5,10603000
"2016-08-29 18:00:00",25.6,16423828
"2016-08-30 18:00:00",26,20456292
"2016-08-31 18:00:00",26.5,43279271
"2016-09-01 18:00:00",27.1,21496744
"2016-09-02 18:00:00",27.15,24695590
"2016-09-05 18:00:00",26.55,15678320
"2016-09-06 18:00:00",26.2,8876675
"2016-09-07 18:00:00",25.85,13587990
"2016-09-08 18:00:00",25.9,26946797
"2016-09-09 18:00:00",27.15,84237016
"2016-09-12 18:00:00",27.35,33895181
"2016-09-13 18:00:00",26.95,5170541
"2016-09-14 18:00:00",26.9,17750088
"2016-09-15 18:00:00",27,5569534
"2016-09-16 18:00:00",26.75,4532133
"2016-09-19 18:00:00",26.6,12271381
"2016-09-20 18:00:00",26.45,6953342
"2016-09-21 18:00:00",26.2,5597821
"2016-09-22 18:00:00",25.95,9777800
"2016-09-23 18:00:00",26.2,6469534
"2016-09-26 18:00:00",25.7,29388234
"2016-09-27 18:00:00",25.3,24987109
"2016-09-28 18:00:00",25.35,18327284
"2016-09-29 18:00:00",24.55,27671941
"2016-09-30 18:00:00",23.35,56685536
"2016-10-03 18:00:00",24.35,40843611
"2016-10-04 18:00:00",25.45,53460492
"2016-10-05 18:00:00",26,63039506
"2016-10-06 18:00:00",26.2,24184052
"2016-10-07 18:00:00",26.15,14621683
"2016-10-10 18:00:00",26.525,48843822
"2016-10-11 18:00:00",26.1,2878000
"2016-10-12 18:00:00",25.8,11540856
"2016-10-13 18:00:00",25.25,17000000
"2016-10-14 18:00:00",25.25,3775725
"2016-10-17 18:00:00",25,16100803
"2016-10-18 18:00:00",24.4,13051734
"2016-10-19 18:00:00",24.7,22850521
"2016-10-20 18:00:00",25.1,18422842
"2016-10-21 18:00:00",24.5,18339592
"2016-10-24 18:00:00",24.5,14852800
"2016-10-25 18:00:00",24.85,16733599
"2016-10-26 18:00:00",24.9,20344941
"2016-10-27 18:00:00",24.4,22928840
"2016-10-28 18:00:00",24.4,47545519
"2016-10-31 18:00:00",24.2,50957053
"2016-11-01 18:00:00",24.05,9080653
"2016-11-02 18:00:00",23.7,19880229
"2016-11-03 18:00:00",24,15310449
"2016-11-04 18:00:00",23.8,2460488
"2016-11-07 18:00:00",23.9,5253178
"2016-11-08 18:00:00",23.65,3179520
"2016-11-09 18:00:00",23.35,27474375
"2016-11-10 18:00:00",23.65,3249515
"2016-11-11 18:00:00",24.4,35546581
"2016-11-14 18:00:00",23.9,5441500
"2016-11-15 18:00:00",23.3,15503956
"2016-11-16 18:00:00",23.4,5028337
"2016-11-17 18:00:00",23.45,4379950
"2016-11-18 18:00:00",23.55,9341564
"2016-11-21 18:00:00",23.5,2105000
"2016-11-22 18:00:00",23.5,18095275
"2016-11-23 18:00:00",23.85,8937714
"2016-11-24 18:00:00",24.15,21056289
"2016-11-25 18:00:00",24.05,4092530
"2016-11-28 18:00:00",24.25,9201237
"2016-11-29 18:00:00",24.45,18571876
"2016-11-30 18:00:00",23.95,34019879
"2016-12-01 18:00:00",23.85,12575600
"2016-12-02 18:00:00",23.5,4336996
"2016-12-05 18:00:00",23.3,1977815
"2016-12-06 18:00:00",23.65,7062494
"2016-12-07 18:00:00",23.5,8402912
"2016-12-08 18:00:00",23.65,28685954
"2016-12-09 18:00:00",23.75,16506883
"2016-12-12 18:00:00",23.2,12066742
"2016-12-13 18:00:00",23.2,207128
"2016-12-14 18:00:00",23.5,11219920
"2016-12-15 18:00:00",22.95,12740000
"2016-12-16 18:00:00",23.1,21741121
"2016-12-19 18:00:00",23.25,8998623
"2016-12-20 18:00:00",23.3,6982959
"2016-12-21 18:00:00",23.85,13093133
"2016-12-22 18:00:00",23.85,7194100
"2016-12-23 18:00:00",23.9,391800
"2016-12-27 18:00:00",23.55,657932
"2016-12-28 18:00:00",23.05,11549751
"2016-12-29 18:00:00",23.1,19696905
"2016-12-30 18:00:00",23.1,9921291
"2017-01-02 18:00:00",23.525,16267605
"2017-01-03 18:00:00",23.25,14258220
"2017-01-04 18:00:00",23,15959300
"2017-01-05 18:00:00",22.65,40584102
"2017-01-06 18:00:00",22.35,6737000
"2017-01-09 18:00:00",22,15124852
"2017-01-10 18:00:00",22.1,8258993
"2017-01-11 18:00:00",22.25,36004516
"2017-01-12 18:00:00",21.85,8438500
"2017-01-13 18:00:00",22,12671973
"2017-01-16 18:00:00",22,4415250
"2017-01-17 18:00:00",21.55,5473682
"2017-01-18 18:00:00",21.3,13114016
"2017-01-19 18:00:00",21.85,18398734
"2017-01-20 18:00:00",22.65,77062053
"2017-01-23 18:00:00",22.7,23160850
"2017-01-24 18:00:00",23.275,30499107
"2017-01-25 18:00:00",23.4,13918346
"2017-01-26 18:00:00",22.9,15683751
"2017-01-27 18:00:00",22.8,18200000
"2017-01-30 18:00:00",22.025,16165600
"2017-01-31 18:00:00",22.1,1375250
"2017-02-01 18:00:00",16.8,81730195
"2017-02-02 18:00:00",16.2,66288652
"2017-02-03 18:00:00",15.95,24851615
"2017-02-06 18:00:00",15.65,12285670
"2017-02-07 18:00:00",15,31598110
"2017-02-08 18:00:00",14.85,38387830
"2017-02-09 18:00:00",15.5,50791530
"2017-02-10 18:00:00",16.1,65679640
"2017-02-13 18:00:00",16.025,93806688
"2017-02-14 18:00:00",15.7,59226111
"2017-02-15 18:00:00",15.9,14197950
"2017-02-16 18:00:00",16.4,40024554
"2017-02-17 18:00:00",16.8,86763125
"2017-02-20 18:00:00",16.8,19844367
"2017-02-21 18:00:00",16.45,8062854
"2017-02-22 18:00:00",16.3,16629155
"2017-02-23 18:00:00",15.75,34869210
"2017-02-24 18:00:00",15.5,15237998
"2017-02-27 18:00:00",15.05,39000812
"2017-02-28 18:00:00",14.9,6089383
"2017-03-01 18:00:00",14.94,72224443
"2017-03-02 18:00:00",15,21958052
"2017-03-03 18:00:00",15.25,29782515
"2017-03-06 18:00:00",14.8,13305067
"2017-03-07 18:00:00",14.41,49470841
"2017-03-08 18:00:00",14.085,11540358
"2017-03-09 18:00:00",13.94,9105361
"2017-03-10 18:00:00",13.75,10640242
"2017-03-13 18:00:00",14.14,16516175
"2017-03-14 18:00:00",14.29,10359389
"2017-03-15 18:00:00",14.25,7939676
"2017-03-16 18:00:00",14,3432000
"2017-03-17 18:00:00",14.3,38777041
"2017-03-20 18:00:00",14.2,10303900
"2017-03-21 18:00:00",14.17,272721
"2017-03-22 18:00:00",14.2,23658300
"2017-03-23 18:00:00",14.6,33681028
"2017-03-24 18:00:00",14.58,11344907
"2017-03-27 18:00:00",14.4,1356948
"2017-03-28 18:00:00",14.43,2107120
"2017-03-29 18:00:00",14.4,840981
"2017-03-30 18:00:00",14.15,9675114
"2017-03-31 18:00:00",13.91,5815849
"2017-04-03 18:00:00",13.85,9126293
"2017-04-04 18:00:00",13.85,5714408
"2017-04-05 18:00:00",13.89,3852480
"2017-04-06 18:00:00",13.35,20434183
"2017-04-07 18:00:00",13.54,5252897
"2017-04-10 18:00:00",13.45,13182300
"2017-04-11 18:00:00",13.13,20868836
"2017-04-12 18:00:00",13.24,1960188
"2017-04-18 18:00:00",13.2,850000
"2017-04-19 18:00:00",13.24,8459849
"2017-04-21 18:00:00",13.2,1791500
"2017-04-24 18:00:00",13.55,24630910
"2017-04-25 18:00:00",13.49,26028500
"2017-04-26 18:00:00",13.35,3221083
"2017-04-27 18:00:00",13.19,15782745
"2017-04-28 18:00:00",14.26,70969238
"2017-05-02 18:00:00",14.3,3087300
"2017-05-03 18:00:00",14.26,7225200
"2017-05-04 18:00:00",14.7,18249277
"2017-05-05 18:00:00",15.6,79049957
"2017-05-08 18:00:00",16,40220587
"2017-05-09 18:00:00",16.125,28398501
"2017-05-10 18:00:00",16.15,9524200
"2017-05-11 18:00:00",16.15,16353132
"2017-05-12 18:00:00",15.85,31128760
"2017-05-15 18:00:00",15.35,16240700
"2017-05-16 18:00:00",15.2,3738148
"2017-05-17 18:00:00",15.3,10397770
"2017-05-18 18:00:00",14.99,14483534
"2017-05-19 18:00:00",14.25,22917952
"2017-05-22 18:00:00",13.65,15490854
"2017-05-23 18:00:00",13.7,10151617
"2017-05-24 18:00:00",13.7,3593600
"2017-05-26 18:00:00",13.75,13153000
"2017-05-29 18:00:00",13.42,11507000
"2017-05-30 18:00:00",13.45,23375532
"2017-05-31 18:00:00",13.41,10754968
"2017-06-01 18:00:00",13.33,5000000
"2017-06-02 18:00:00",13.19,46131750
"2017-06-06 18:00:00",13.2,6535250
"2017-06-07 18:00:00",13.58,30465047
"2017-06-08 18:00:00",13.8,21718116
"2017-06-09 18:00:00",13.92,9735500