"DateTime","N1 Ver√∞ ","N1 Magn"
"2013-12-19 18:00:00",18.8,39643335
"2013-12-20 18:00:00",18.85,5353418
"2013-12-23 18:00:00",18.9,2036084
"2013-12-27 18:00:00",19,5107248
"2013-12-30 18:00:00",18.9,3673384
"2014-01-02 18:00:00",18.85,4848751
"2014-01-03 18:00:00",19,3818444
"2014-01-06 18:00:00",18.9,4309024
"2014-01-07 18:00:00",18.65,9026924
"2014-01-08 18:00:00",18.6,8372326
"2014-01-09 18:00:00",18.55,3570281
"2014-01-10 18:00:00",18.55,1463166
"2014-01-13 18:00:00",18.45,773187
"2014-01-14 18:00:00",18.35,3956941
"2014-01-15 18:00:00",18.3,5318215
"2014-01-16 18:00:00",18.5,9696221
"2014-01-17 18:00:00",18.5,4790844
"2014-01-20 18:00:00",18.4,2690841
"2014-01-21 18:00:00",18.45,2681132
"2014-01-22 18:00:00",18.4,671736
"2014-01-23 18:00:00",18.4,1364810
"2014-01-24 18:00:00",19,32130834
"2014-01-27 18:00:00",18.65,5528775
"2014-01-28 18:00:00",18.7,339127
"2014-01-29 18:00:00",18.65,1613115
"2014-01-30 18:00:00",18.8,8904080
"2014-01-31 18:00:00",18.85,4088502
"2014-02-03 18:00:00",18.8,1047728
"2014-02-04 18:00:00",18.8,2612305
"2014-02-05 18:00:00",18.8,649562
"2014-02-06 18:00:00",18.8,339299
"2014-02-07 18:00:00",18.85,1772377
"2014-02-10 18:00:00",18.75,4659098
"2014-02-11 18:00:00",18.75,3110025
"2014-02-12 18:00:00",18.75,415020
"2014-02-13 18:00:00",18.8,8383308
"2014-02-14 18:00:00",18.8,279503
"2014-02-17 18:00:00",18.65,1060261
"2014-02-18 18:00:00",18.8,3597811
"2014-02-19 18:00:00",18.9,2514644
"2014-02-20 18:00:00",18.9,403055
"2014-02-21 18:00:00",19,350418
"2014-02-24 18:00:00",18.85,1299291
"2014-02-25 18:00:00",18.55,9422324
"2014-02-26 18:00:00",18.55,573560
"2014-02-27 18:00:00",18.55,13690362
"2014-02-28 18:00:00",18.3,12255277
"2014-03-03 18:00:00",18.35,5957303
"2014-03-04 18:00:00",18.15,48216
"2014-03-05 18:00:00",18.15,483768
"2014-03-06 18:00:00",18.15,17501
"2014-03-07 18:00:00",18.15,287159
"2014-03-10 18:00:00",18.35,846247
"2014-03-11 18:00:00",18.2,476785
"2014-03-12 18:00:00",18.35,6792320
"2014-03-13 18:00:00",18.3,1717852
"2014-03-14 18:00:00",18.4,156702
"2014-03-17 18:00:00",18.4,568123
"2014-03-18 18:00:00",18.3,12054
"2014-03-19 18:00:00",18.35,260378
"2014-03-20 18:00:00",18.35,84022
"2014-03-21 18:00:00",18.35,4126985
"2014-03-24 18:00:00",18.4,6744951
"2014-03-25 18:00:00",18.35,2964323
"2014-03-26 18:00:00",18.35,127354
"2014-03-27 18:00:00",18.4,622114
"2014-03-28 18:00:00",16.4,19144847
"2014-03-31 18:00:00",16.4,7676072
"2014-04-01 18:00:00",16.5,10464560
"2014-04-02 18:00:00",16.5,3487728
"2014-04-03 18:00:00",16.5,5700559
"2014-04-04 18:00:00",16.95,15075548
"2014-04-07 18:00:00",17,4225496
"2014-04-08 18:00:00",17.05,9613262
"2014-04-09 18:00:00",17,8665225
"2014-04-10 18:00:00",17.35,18565275
"2014-04-11 18:00:00",17.4,2274768
"2014-04-14 18:00:00",17.4,1186609
"2014-04-15 18:00:00",17.4,6635856
"2014-04-16 18:00:00",17.5,10079461
"2014-04-22 18:00:00",17.75,9160883
"2014-04-23 18:00:00",17.8,9116484
"2014-04-25 18:00:00",17.65,51400070
"2014-04-28 18:00:00",17.7,6733504
"2014-04-29 18:00:00",17.65,3078848
"2014-04-30 18:00:00",17.85,10030533
"2014-05-02 18:00:00",17.75,10613125
"2014-05-05 18:00:00",17.35,5036212
"2014-05-06 18:00:00",17.3,386681
"2014-05-07 18:00:00",17.3,740905
"2014-05-08 18:00:00",17.55,2644647
"2014-05-09 18:00:00",17.55,86162
"2014-05-12 18:00:00",17.3,135168
"2014-05-13 18:00:00",17.3,331439
"2014-05-14 18:00:00",17.3,126432
"2014-05-15 18:00:00",17.2,4048214
"2014-05-16 18:00:00",17.15,1279393
"2014-05-19 18:00:00",17.4,16030643
"2014-05-20 18:00:00",17.6,3646431
"2014-05-21 18:00:00",17.5,8100860
"2014-05-22 18:00:00",17.5,3823536
"2014-05-23 18:00:00",17.2,6042946
"2014-05-26 18:00:00",16.75,9132593
"2014-05-27 18:00:00",16.7,5486162
"2014-05-28 18:00:00",16.6,78215
"2014-05-30 18:00:00",16.6,9145393
"2014-06-02 18:00:00",16.7,4136996
"2014-06-03 18:00:00",16.7,96319
"2014-06-04 18:00:00",16.9,271933
"2014-06-05 18:00:00",16.55,6024000
"2014-06-06 18:00:00",16.55,3524108
"2014-06-10 18:00:00",16.7,211049602
"2014-06-11 18:00:00",16.75,105003
"2014-06-12 18:00:00",16.75,98216
"2014-06-13 18:00:00",16.8,1044162
"2014-06-16 18:00:00",16.6,10000
"2014-06-18 18:00:00",16.6,353481
"2014-06-19 18:00:00",16.6,54108
"2014-06-20 18:00:00",16.6,148162
"2014-06-23 18:00:00",16.6,21123
"2014-06-24 18:00:00",16.45,2250149
"2014-06-25 18:00:00",16.45,8149684
"2014-06-26 18:00:00",16.4,779969
"2014-06-27 18:00:00",16.55,437672
"2014-06-30 18:00:00",16.5,4261461
"2014-07-01 18:00:00",16.35,171123
"2014-07-02 18:00:00",16.45,2496432
"2014-07-03 18:00:00",16.35,2070430
"2014-07-04 18:00:00",16.35,177108
"2014-07-07 18:00:00",16.3,132594
"2014-07-08 18:00:00",16.1,4050204
"2014-07-09 18:00:00",16.05,152080
"2014-07-10 18:00:00",16.1,223075
"2014-07-11 18:00:00",15.8,2312054
"2014-07-14 18:00:00",15.8,18107
"2014-07-15 18:00:00",15.75,1348216
"2014-07-16 18:00:00",15.6,24108
"2014-07-17 18:00:00",15.9,5948216
"2014-07-18 18:00:00",15.9,1704108
"2014-07-21 18:00:00",15.9,24108
"2014-07-22 18:00:00",15.9,0
"2014-07-23 18:00:00",15.9,1000000
"2014-07-24 18:00:00",16,1286161
"2014-07-25 18:00:00",15.9,7993
"2014-07-28 18:00:00",15.9,58725
"2014-07-29 18:00:00",15.9,560268
"2014-07-30 18:00:00",16,2000000
"2014-07-31 18:00:00",16.2,11524108
"2014-08-01 18:00:00",16.6,9371733
"2014-08-05 18:00:00",16.65,2060228
"2014-08-06 18:00:00",16.6,5099037
"2014-08-07 18:00:00",16.65,39616
"2014-08-08 18:00:00",16.5,4527361
"2014-08-11 18:00:00",16.5,6060606
"2014-08-12 18:00:00",16.65,3083158
"2014-08-13 18:00:00",16.7,307492
"2014-08-14 18:00:00",16.7,251063
"2014-08-15 18:00:00",16.65,2557
"2014-08-18 18:00:00",16.7,222871
"2014-08-19 18:00:00",16.7,18570877
"2014-08-20 18:00:00",16.65,111162
"2014-08-21 18:00:00",16.8,19112054
"2014-08-22 18:00:00",16.8,2036162
"2014-08-25 18:00:00",16.75,41507
"2014-08-26 18:00:00",16.7,2072323
"2014-08-27 18:00:00",16.85,1144107
"2014-08-28 18:00:00",17.05,10349348
"2014-08-29 18:00:00",17.85,31840000
"2014-09-01 18:00:00",18.15,18373376
"2014-09-02 18:00:00",18.6,12863504
"2014-09-03 18:00:00",18.65,9413962
"2014-09-04 18:00:00",18.6,6401880
"2014-09-05 18:00:00",18.45,450354
"2014-09-08 18:00:00",18.5,856986
"2014-09-09 18:00:00",18.6,8350029
"2014-09-10 18:00:00",18.5,220403
"2014-09-11 18:00:00",18.6,5096431
"2014-09-12 18:00:00",18.7,2226865
"2014-09-15 18:00:00",18.85,3044342
"2014-09-16 18:00:00",18.8,45000
"2014-09-17 18:00:00",18.93,1031644
"2014-09-18 18:00:00",19.25,7940611
"2014-09-19 18:00:00",19.35,13873651
"2014-09-22 18:00:00",19.3,10096804
"2014-09-23 18:00:00",19.12,5749451
"2014-09-24 18:00:00",18.95,4046428
"2014-09-25 18:00:00",19,195270
"2014-09-26 18:00:00",18.95,24106
"2014-09-29 18:00:00",18.95,64407
"2014-09-30 18:00:00",18.95,974945
"2014-10-01 18:00:00",19.35,5327616
"2014-10-02 18:00:00",19.3,4679700
"2014-10-03 18:00:00",19.35,51546
"2014-10-06 18:00:00",19.35,2855776
"2014-10-07 18:00:00",19.4,13411939
"2014-10-08 18:00:00",19.4,9641161
"2014-10-09 18:00:00",19.35,2270982
"2014-10-10 18:00:00",19.25,17759
"2014-10-13 18:00:00",19.2,7712999
"2014-10-14 18:00:00",18.8,2024107
"2014-10-15 18:00:00",18.8,7064058
"2014-10-16 18:00:00",18.8,3122711
"2014-10-17 18:00:00",18.94,5130000
"2014-10-20 18:00:00",19,8995370
"2014-10-21 18:00:00",18.95,62362
"2014-10-22 18:00:00",19.1,7082612
"2014-10-23 18:00:00",19.4,8033076
"2014-10-24 18:00:00",19,5078061
"2014-10-27 18:00:00",19,434404
"2014-10-28 18:00:00",18.95,132330
"2014-10-29 18:00:00",19.1,3432823
"2014-10-30 18:00:00",19.1,280059
"2014-10-31 18:00:00",19.35,641644
"2014-11-03 18:00:00",19.25,2071277
"2014-11-04 18:00:00",19.5,7207449
"2014-11-05 18:00:00",19.5,13424107
"2014-11-06 18:00:00",19.35,3512054
"2014-11-07 18:00:00",19.4,2024108
"2014-11-10 18:00:00",19.3,3072322
"2014-11-11 18:00:00",19.425,2036161
"2014-11-12 18:00:00",19.35,793215
"2014-11-13 18:00:00",19.5,2482463
"2014-11-14 18:00:00",19.45,60269
"2014-11-17 18:00:00",19.55,2290322
"2014-11-18 18:00:00",19.55,1657746
"2014-11-19 18:00:00",19.65,7094602
"2014-11-20 18:00:00",19.7,1937414
"2014-11-21 18:00:00",19.75,10966829
"2014-11-24 18:00:00",20,6093766
"2014-11-25 18:00:00",20.3,13131729
"2014-11-26 18:00:00",20,9512468
"2014-11-27 18:00:00",22.7,6167443
"2014-11-28 18:00:00",22.7,8316876
"2014-12-01 18:00:00",22.4,4499088
"2014-12-02 18:00:00",23.45,15269084
"2014-12-03 18:00:00",23.7,6642417
"2014-12-04 18:00:00",24.05,10867835
"2014-12-05 18:00:00",24.2,6149999
"2014-12-08 18:00:00",24.15,572437
"2014-12-09 18:00:00",23.5,10022217
"2014-12-10 18:00:00",24.15,15359119
"2014-12-11 18:00:00",24.15,5158956
"2014-12-12 18:00:00",24.15,3449698
"2014-12-15 18:00:00",24.15,1250412
"2014-12-16 18:00:00",23.85,2348770
"2014-12-17 18:00:00",23.45,2355687
"2014-12-18 18:00:00",23.2,8641308
"2014-12-19 18:00:00",23.4,4056236
"2014-12-22 18:00:00",23.4,627127
"2014-12-23 18:00:00",23.3,501711
"2014-12-29 18:00:00",23.3,33752
"2014-12-30 18:00:00",23.2,2952233
"2015-01-02 18:00:00",23,4729422
"2015-01-05 18:00:00",23.5,8114061
"2015-01-06 18:00:00",23.5,5595350
"2015-01-07 18:00:00",23.6,2449947
"2015-01-08 18:00:00",23.65,679984
"2015-01-09 18:00:00",23.65,3086507
"2015-01-12 18:00:00",23.55,2286111
"2015-01-13 18:00:00",23.75,5609186
"2015-01-14 18:00:00",23.7,1067933
"2015-01-15 18:00:00",23.6,122948
"2015-01-16 18:00:00",23.55,4745311
"2015-01-19 18:00:00",23.3,4824503
"2015-01-20 18:00:00",23.4,212648
"2015-01-21 18:00:00",23.3,533399
"2015-01-22 18:00:00",23.3,439248
"2015-01-23 18:00:00",23.6,9134537
"2015-01-26 18:00:00",23.6,3909339
"2015-01-27 18:00:00",23.55,3605311
"2015-01-28 18:00:00",23.5,3072406
"2015-01-29 18:00:00",23.5,1681000
"2015-01-30 18:00:00",23.5,747017
"2015-02-02 18:00:00",23.75,9109643
"2015-02-03 18:00:00",24,208438
"2015-02-04 18:00:00",23.9,3016876
"2015-02-05 18:00:00",24.1,4165127
"2015-02-06 18:00:00",23.8,181100
"2015-02-09 18:00:00",23.8,298314
"2015-02-10 18:00:00",23.85,2806150
"2015-02-11 18:00:00",23.9,4417690
"2015-02-12 18:00:00",24,4113278
"2015-02-13 18:00:00",24,4008437
"2015-02-16 18:00:00",23.9,1741258
"2015-02-17 18:00:00",24.1,7844997
"2015-02-18 18:00:00",24.05,4000000
"2015-02-19 18:00:00",24.775,21919758
"2015-02-20 18:00:00",24.75,6908438
"2015-02-23 18:00:00",24.8,200000
"2015-02-24 18:00:00",24.9,8261954
"2015-02-25 18:00:00",25.25,11184513
"2015-02-26 18:00:00",26.8,37443242
"2015-02-27 18:00:00",27,21914438
"2015-03-02 18:00:00",27.1,4900135
"2015-03-03 18:00:00",27.35,13008438
"2015-03-04 18:00:00",28.95,19619443
"2015-03-05 18:00:00",28.9,6681087
"2015-03-06 18:00:00",28.75,293809
"2015-03-09 18:00:00",28.8,1016076
"2015-03-10 18:00:00",28.75,3234638
"2015-03-11 18:00:00",28.6,1215300
"2015-03-12 18:00:00",28.6,198932
"2015-03-13 18:00:00",28.9,63438
"2015-03-16 18:00:00",28.65,114000
"2015-03-17 18:00:00",28.6,1264768
"2015-03-18 18:00:00",28.55,308438
"2015-03-19 18:00:00",28.55,3734416
"2015-03-20 18:00:00",28.55,177137
"2015-03-23 18:00:00",28.55,576375
"2015-03-24 18:00:00",27.5,3260443
"2015-03-25 18:00:00",27,7388226
"2015-03-26 18:00:00",27,739721
"2015-03-27 18:00:00",27,1179357
"2015-03-30 18:00:00",26.8,1124339
"2015-03-31 18:00:00",26.825,8110306
"2015-04-01 18:00:00",26.4,7039276
"2015-04-07 18:00:00",26.4,2863574
"2015-04-08 18:00:00",26.4,84193
"2015-04-09 18:00:00",26.4,17575
"2015-04-10 18:00:00",26.4,2013394
"2015-04-13 18:00:00",26.35,2800000
"2015-04-14 18:00:00",26.25,2957162
"2015-04-15 18:00:00",26.25,646438
"2015-04-16 18:00:00",26.3,1136468
"2015-04-17 18:00:00",26.1,278133
"2015-04-20 18:00:00",26.2,3000000
"2015-04-21 18:00:00",26.25,1119637
"2015-04-22 18:00:00",26.15,21000
"2015-04-24 18:00:00",25.95,3686077
"2015-04-27 18:00:00",26,4460000
"2015-04-28 18:00:00",26,176514
"2015-04-29 18:00:00",25.95,583332
"2015-04-30 18:00:00",26,2625809
"2015-05-04 18:00:00",26,1025314
"2015-05-05 18:00:00",25.95,260982
"2015-05-06 18:00:00",26.35,6091094
"2015-05-07 18:00:00",33,3690397
"2015-05-08 18:00:00",32.9,3265411
"2015-05-11 18:00:00",32.75,533411
"2015-05-12 18:00:00",33.85,17732669
"2015-05-13 18:00:00",34.05,9204176
"2015-05-15 18:00:00",34.45,6630565
"2015-05-18 18:00:00",34.25,795417
"2015-05-19 18:00:00",34.7,6065325
"2015-05-20 18:00:00",34.6,2078651
"2015-05-21 18:00:00",34.65,425356
"2015-05-22 18:00:00",34.35,3415613
"2015-05-26 18:00:00",34.45,3466495
"2015-05-27 18:00:00",34.95,3753429
"2015-05-28 18:00:00",36.725,21635888
"2015-05-29 18:00:00",36.3,12696153
"2015-06-01 18:00:00",36.3,606428
"2015-06-02 18:00:00",36.15,22477
"2015-06-03 18:00:00",36.8,5672898
"2015-06-04 18:00:00",36.25,9747074
"2015-06-05 18:00:00",36.45,361518
"2015-06-08 18:00:00",37,4642729
"2015-06-09 18:00:00",37.4,3223993
"2015-06-10 18:00:00",37.55,4912000
"2015-06-11 18:00:00",37.45,2160000
"2015-06-12 18:00:00",37.45,92636
"2015-06-15 18:00:00",37.1,110941
"2015-06-16 18:00:00",37.4,2685941
"2015-06-18 18:00:00",37.4,2505666
"2015-06-19 18:00:00",37.7,5304729
"2015-06-22 18:00:00",37.5,19320
"2015-06-23 18:00:00",38.05,2523477
"2015-06-24 18:00:00",38.05,1021332
"2015-06-25 18:00:00",38,1005991
"2015-06-26 18:00:00",38.6,8705849
"2015-06-29 18:00:00",38.6,10700618
"2015-06-30 18:00:00",38.6,158357
"2015-07-01 18:00:00",38.6,120038
"2015-07-02 18:00:00",38.6,2978521
"2015-07-03 18:00:00",38.6,2505666
"2015-07-06 18:00:00",38.75,21921
"2015-07-07 18:00:00",38.45,188000
"2015-07-08 18:00:00",38.6,513166
"2015-07-09 18:00:00",38.9,4789586
"2015-07-10 18:00:00",39.5,13340600
"2015-07-13 18:00:00",39.45,6047515
"2015-07-14 18:00:00",39.4,1518416
"2015-07-15 18:00:00",39.45,239778
"2015-07-16 18:00:00",39,236218
"2015-07-17 18:00:00",39.3,4000
"2015-07-20 18:00:00",38.95,16032
"2015-07-21 18:00:00",39.45,317295
"2015-07-22 18:00:00",39.45,0
"2015-07-23 18:00:00",39.05,13266
"2015-07-24 18:00:00",39.05,50000
"2015-07-27 18:00:00",39.55,1465332
"2015-07-28 18:00:00",40.2,8400411
"2015-07-29 18:00:00",41.5,9917150
"2015-07-30 18:00:00",41.9,118046
"2015-07-31 18:00:00",41.9,8375596
"2015-08-04 18:00:00",41.7,9574
"2015-08-05 18:00:00",42.1,3543103
"2015-08-06 18:00:00",42.2,78334
"2015-08-07 18:00:00",42.1,511356
"2015-08-10 18:00:00",41.95,511200
"2015-08-11 18:00:00",41.95,371332
"2015-08-12 18:00:00",42.1,2120747
"2015-08-13 18:00:00",42,6394800
"2015-08-14 18:00:00",42.4,5873520
"2015-08-17 18:00:00",42.8,2097166
"2015-08-18 18:00:00",42.8,155900
"2015-08-19 18:00:00",42.9,2010336
"2015-08-20 18:00:00",43.8,12586887
"2015-08-21 18:00:00",43.4,175332
"2015-08-24 18:00:00",42.3,9014034
"2015-08-25 18:00:00",41.7,1911837
"2015-08-26 18:00:00",41.5,2313000
"2015-08-27 18:00:00",41.85,1487670
"2015-08-28 18:00:00",41.75,3406997
"2015-08-31 18:00:00",41.6,2348924
"2015-09-01 18:00:00",41.4,3062809
"2015-09-02 18:00:00",41.5,500000
"2015-09-03 18:00:00",41.475,60000
"2015-09-04 18:00:00",41.8,2002800
"2015-09-07 18:00:00",42.2,9874914
"2015-09-08 18:00:00",42.6,8113508
"2015-09-09 18:00:00",42.6,3800000
"2015-09-10 18:00:00",42.7,470483
"2015-09-11 18:00:00",42.7,0
"2015-09-14 18:00:00",42.7,0
"2015-09-15 18:00:00",42.15,1150662
"2015-09-16 18:00:00",42.7,1749664
"2015-09-17 18:00:00",42.7,136900
"2015-09-18 18:00:00",42.25,1005666
"2015-09-21 18:00:00",42.2,32938
"2015-09-22 18:00:00",42.25,522000
"2015-09-23 18:00:00",42.8,2002603
"2015-09-24 18:00:00",42.5,3509935
"2015-09-25 18:00:00",42.9,2567662
"2015-09-28 18:00:00",43.95,5935690
"2015-09-29 18:00:00",43.3,9596800
"2015-09-30 18:00:00",43.3,10065991
"2015-10-01 18:00:00",43.2,9911500
"2015-10-02 18:00:00",43.85,9795596
"2015-10-05 18:00:00",43.9,2009975
"2015-10-06 18:00:00",44,2668655
"2015-10-07 18:00:00",43.65,11695694
"2015-10-08 18:00:00",43.5,2858695
"2015-10-09 18:00:00",43.3,248663
"2015-10-12 18:00:00",43.75,4517000
"2015-10-13 18:00:00",43.65,1778839
"2015-10-14 18:00:00",43.35,6705566
"2015-10-15 18:00:00",43.85,11995
"2015-10-16 18:00:00",43.8,1000000
"2015-10-19 18:00:00",43.7,4963832
"2015-10-20 18:00:00",43.7,620750
"2015-10-21 18:00:00",43.6,4298000
"2015-10-22 18:00:00",43.3,169536
"2015-10-23 18:00:00",43.3,1023857
"2015-10-26 18:00:00",43.8,4663452
"2015-10-27 18:00:00",43.8,1005666
"2015-10-28 18:00:00",44,65381
"2015-10-29 18:00:00",45.4,10819403
"2015-10-30 18:00:00",43.95,11412389
"2015-11-02 18:00:00",43.35,80136
"2015-11-03 18:00:00",43.3,1521045
"2015-11-04 18:00:00",43.3,6502725
"2015-11-05 18:00:00",43.2,21734841
"2015-11-06 18:00:00",43.7,3847873
"2015-11-09 18:00:00",43.3,1027716
"2015-11-10 18:00:00",43.6,430000
"2015-11-11 18:00:00",43,2395101
"2015-11-12 18:00:00",42.7,2007009
"2015-11-13 18:00:00",43.1,2052756
"2015-11-16 18:00:00",43.1,0
"2015-11-17 18:00:00",42.3,2091666
"2015-11-18 18:00:00",42,65666
"2015-11-19 18:00:00",42,1073000
"2015-11-20 18:00:00",42,55000
"2015-11-23 18:00:00",42.1,1981283
"2015-11-24 18:00:00",42.1,5666
"2015-11-25 18:00:00",42.25,57800
"2015-11-26 18:00:00",42.25,0
"2015-11-27 18:00:00",42.2,49572
"2015-11-30 18:00:00",41.3,8480072
"2015-12-01 18:00:00",41.05,30113
"2015-12-02 18:00:00",40.6,51097
"2015-12-03 18:00:00",40.9,19398
"2015-12-04 18:00:00",40.9,12500
"2015-12-07 18:00:00",40.9,100000
"2015-12-08 18:00:00",41,4285122
"2015-12-09 18:00:00",40.9,1000000
"2015-12-10 18:00:00",40.8,55000
"2015-12-11 18:00:00",40.85,11332
"2015-12-14 18:00:00",40.8,1466753
"2015-12-15 18:00:00",41.3,4011722
"2015-12-16 18:00:00",41.3,1428554
"2015-12-17 18:00:00",50.9,1064809
"2015-12-18 18:00:00",51.3,2972657
"2015-12-21 18:00:00",51.3,10888
"2015-12-22 18:00:00",51.3,38610
"2015-12-23 18:00:00",51.5,2263775
"2015-12-28 18:00:00",51.6,1558417
"2015-12-29 18:00:00",52,1077627
"2015-12-30 18:00:00",52,685228
"2016-01-04 18:00:00",52,1675437
"2016-01-05 18:00:00",51.5,98712
"2016-01-06 18:00:00",51.5,2571981
"2016-01-07 18:00:00",50.8,3248900
"2016-01-08 18:00:00",50.3,3317552
"2016-01-11 18:00:00",50,1078140
"2016-01-12 18:00:00",49.95,137214
"2016-01-13 18:00:00",50,4356220
"2016-01-14 18:00:00",48.8,4509751
"2016-01-15 18:00:00",47.4,5504219
"2016-01-18 18:00:00",46.7,7462478
"2016-01-19 18:00:00",48.1,9757389
"2016-01-20 18:00:00",46.9,2379438
"2016-01-21 18:00:00",47.2,2792842
"2016-01-22 18:00:00",47.8,3516450
"2016-01-25 18:00:00",47.35,504557
"2016-01-26 18:00:00",46.8,2468085
"2016-01-27 18:00:00",46.35,16877
"2016-01-28 18:00:00",46.45,4021438
"2016-01-29 18:00:00",46.9,1362000
"2016-02-01 18:00:00",47.6,5376468
"2016-02-02 18:00:00",48.9,3606954
"2016-02-03 18:00:00",48.65,4219
"2016-02-04 18:00:00",49.8,13354900
"2016-02-05 18:00:00",51.4,6782158
"2016-02-08 18:00:00",51.2,6008438
"2016-02-09 18:00:00",51.7,3019219
"2016-02-10 18:00:00",52.75,5008456
"2016-02-11 18:00:00",52.8,559575
"2016-02-12 18:00:00",53.15,2470891
"2016-02-15 18:00:00",54,4665000
"2016-02-16 18:00:00",54.2,2482543
"2016-02-17 18:00:00",53.9,3731156
"2016-02-18 18:00:00",54.6,3655927
"2016-02-19 18:00:00",54.6,0
"2016-02-22 18:00:00",55.8,4038488
"2016-02-23 18:00:00",57.4,8594961
"2016-02-24 18:00:00",57.5,2128170
"2016-02-25 18:00:00",58.6,2662000
"2016-02-26 18:00:00",58.4,2808579
"2016-02-29 18:00:00",59.1,1717278
"2016-03-01 18:00:00",58.5,184099
"2016-03-02 18:00:00",59.3,39000
"2016-03-03 18:00:00",59.3,578723
"2016-03-04 18:00:00",58.7,520414
"2016-03-07 18:00:00",59,7731234
"2016-03-08 18:00:00",59.5,3650000
"2016-03-09 18:00:00",60,3200000
"2016-03-10 18:00:00",62.4,4139903
"2016-03-11 18:00:00",63,1227438
"2016-03-14 18:00:00",63.1,1280300
"2016-03-15 18:00:00",65,7142498
"2016-03-16 18:00:00",65.6,5422794
"2016-03-17 18:00:00",62,2332289
"2016-03-18 18:00:00",62,908403
"2016-03-21 18:00:00",62.3,51322
"2016-03-22 18:00:00",62.3,226735
"2016-03-23 18:00:00",61.5,12564
"2016-03-29 18:00:00",61.1,17772
"2016-03-30 18:00:00",62.15,1734219
"2016-03-31 18:00:00",62.4,260000
"2016-04-01 18:00:00",62.6,5587742
"2016-04-04 18:00:00",65,4013616
"2016-04-05 18:00:00",64.3,4836285
"2016-04-06 18:00:00",64.9,5470512
"2016-04-07 18:00:00",65,592938
"2016-04-08 18:00:00",64.9,2538001
"2016-04-11 18:00:00",65.5,77746
"2016-04-12 18:00:00",66,3017700
"2016-04-13 18:00:00",66.7,4124189
"2016-04-14 18:00:00",66.2,796727
"2016-04-15 18:00:00",66.75,1040710
"2016-04-18 18:00:00",67.1,1403749
"2016-04-19 18:00:00",67.5,732575
"2016-04-20 18:00:00",67.7,385831
"2016-04-22 18:00:00",67.7,212687
"2016-04-25 18:00:00",67.3,2604219
"2016-04-26 18:00:00",67.4,500000
"2016-04-27 18:00:00",68.2,2792194
"2016-04-28 18:00:00",68.9,5102657
"2016-04-29 18:00:00",68.2,2504661
"2016-05-02 18:00:00",66.4,3571566
"2016-05-03 18:00:00",69,5552413
"2016-05-04 18:00:00",68.3,5677247
"2016-05-06 18:00:00",68.2,2201000
"2016-05-09 18:00:00",67.9,25697
"2016-05-10 18:00:00",68.2,2011498
"2016-05-11 18:00:00",68.5,1252245
"2016-05-12 18:00:00",68,474108
"2016-05-13 18:00:00",67.95,133700
"2016-05-17 18:00:00",67.7,1011155
"2016-05-18 18:00:00",68,3684681
"2016-05-19 18:00:00",66.7,1704500
"2016-05-20 18:00:00",66.9,7620030
"2016-05-23 18:00:00",66.9,3276500
"2016-05-24 18:00:00",67,1004219
"2016-05-25 18:00:00",67.5,1066366
"2016-05-26 18:00:00",67.5,0
"2016-05-27 18:00:00",67,41441
"2016-05-30 18:00:00",67.3,3722719
"2016-05-31 18:00:00",67.2,27872
"2016-06-01 18:00:00",68.1,510102
"2016-06-02 18:00:00",68.5,1392190
"2016-06-03 18:00:00",68.5,0
"2016-06-06 18:00:00",66.9,4273881
"2016-06-07 18:00:00",67.5,3160119
"2016-06-08 18:00:00",67.8,5500000
"2016-06-09 18:00:00",68.7,5460295
"2016-06-10 18:00:00",70,11938486
"2016-06-13 18:00:00",69,341214
"2016-06-14 18:00:00",69,1265807
"2016-06-15 18:00:00",70,1508500
"2016-06-16 18:00:00",70,0
"2016-06-20 18:00:00",70.15,4507600
"2016-06-21 18:00:00",70.7,3942219
"2016-06-22 18:00:00",70,2506219
"2016-06-23 18:00:00",70.4,9606
"2016-06-24 18:00:00",69.5,2059376
"2016-06-27 18:00:00",67.5,1010932
"2016-06-28 18:00:00",68,57938
"2016-06-29 18:00:00",68,0
"2016-06-30 18:00:00",69.3,2893200
"2016-07-01 18:00:00",70.5,6867323
"2016-07-04 18:00:00",70.5,700000
"2016-07-05 18:00:00",70,40287
"2016-07-06 18:00:00",70.2,1258438
"2016-07-07 18:00:00",70.2,10000
"2016-07-08 18:00:00",70.4,1036946
"2016-07-11 18:00:00",71.5,858620
"2016-07-12 18:00:00",73.3,4274739
"2016-07-13 18:00:00",74.1,3763605
"2016-07-14 18:00:00",74.8,1796500
"2016-07-15 18:00:00",75,1670000
"2016-07-18 18:00:00",74,3319269
"2016-07-19 18:00:00",74.1,855669
"2016-07-20 18:00:00",74.1,0
"2016-07-21 18:00:00",73.5,4219
"2016-07-22 18:00:00",73.5,0
"2016-07-25 18:00:00",73.6,198438
"2016-07-26 18:00:00",74.1,502118
"2016-07-27 18:00:00",74.1,0
"2016-07-28 18:00:00",73.1,12650000
"2016-07-29 18:00:00",72.4,2567000
"2016-08-02 18:00:00",73,8329
"2016-08-03 18:00:00",73,3310500
"2016-08-04 18:00:00",74.3,4840000
"2016-08-05 18:00:00",74,1526000
"2016-08-08 18:00:00",73.3,473050
"2016-08-09 18:00:00",72.5,1004219
"2016-08-10 18:00:00",73.1,1046198
"2016-08-11 18:00:00",73.2,98968
"2016-08-12 18:00:00",72.7,140688
"2016-08-15 18:00:00",73,854219
"2016-08-16 18:00:00",74,2530030
"2016-08-17 18:00:00",73.5,250000
"2016-08-18 18:00:00",73.5,38438
"2016-08-19 18:00:00",73.5,0
"2016-08-22 18:00:00",73.55,204219
"2016-08-23 18:00:00",73.7,513000
"2016-08-24 18:00:00",75.5,6566219
"2016-08-25 18:00:00",74.5,6689219
"2016-08-26 18:00:00",74.9,1300000
"2016-08-29 18:00:00",74,1447940
"2016-08-30 18:00:00",74.5,3300
"2016-08-31 18:00:00",75.5,7876819
"2016-09-01 18:00:00",77.1,5420964
"2016-09-02 18:00:00",79.2,1077634
"2016-09-05 18:00:00",77.8,2585663
"2016-09-06 18:00:00",77.6,653000
"2016-09-07 18:00:00",77.3,1422000
"2016-09-08 18:00:00",77.7,5177000
"2016-09-09 18:00:00",78,34762
"2016-09-12 18:00:00",77,476877
"2016-09-13 18:00:00",77,1048123
"2016-09-14 18:00:00",77.2,2300000
"2016-09-15 18:00:00",77.2,0
"2016-09-16 18:00:00",76.85,1962676
"2016-09-19 18:00:00",77.3,3079792
"2016-09-20 18:00:00",77,15000
"2016-09-21 18:00:00",77,0
"2016-09-22 18:00:00",76.6,2012649
"2016-09-23 18:00:00",76.6,23000
"2016-09-26 18:00:00",76.9,3801610
"2016-09-27 18:00:00",76.2,553000
"2016-09-28 18:00:00",77.4,12539219
"2016-09-29 18:00:00",77,1066230
"2016-09-30 18:00:00",75.6,3509410
"2016-10-03 18:00:00",77.3,2500000
"2016-10-04 18:00:00",79.6,6769220
"2016-10-05 18:00:00",83.2,6720781
"2016-10-06 18:00:00",82.75,1430000
"2016-10-07 18:00:00",83.1,350000
"2016-10-10 18:00:00",83.7,3702268
"2016-10-11 18:00:00",88,6657561
"2016-10-12 18:00:00",88.3,3550257
"2016-10-13 18:00:00",88.3,3153704
"2016-10-14 18:00:00",88.6,1414300
"2016-10-17 18:00:00",88.4,4219
"2016-10-18 18:00:00",88.4,561200
"2016-10-19 18:00:00",88.6,2185157
"2016-10-20 18:00:00",88.6,0
"2016-10-21 18:00:00",88.6,0
"2016-10-24 18:00:00",88,1633994
"2016-10-25 18:00:00",88.05,504219
"2016-10-26 18:00:00",89.4,1659450
"2016-10-27 18:00:00",88.7,1855998
"2016-10-28 18:00:00",90.6,9982640
"2016-10-31 18:00:00",92.2,6848466
"2016-11-01 18:00:00",92.5,2955000
"2016-11-02 18:00:00",94.1,2303076
"2016-11-03 18:00:00",93.2,5022750
"2016-11-04 18:00:00",93.5,2686300
"2016-11-07 18:00:00",93,5000
"2016-11-08 18:00:00",92,1066950
"2016-11-09 18:00:00",91.85,1200500
"2016-11-10 18:00:00",92.5,512600
"2016-11-11 18:00:00",94.1,4626500
"2016-11-14 18:00:00",94.8,2209864
"2016-11-15 18:00:00",94.2,4008100
"2016-11-16 18:00:00",93.2,1617419
"2016-11-17 18:00:00",93.2,500000
"2016-11-18 18:00:00",94.6,1106919
"2016-11-21 18:00:00",94.05,240000
"2016-11-22 18:00:00",94.1,222600
"2016-11-23 18:00:00",94.9,1501500
"2016-11-24 18:00:00",95.3,566500
"2016-11-25 18:00:00",96,500000
"2016-11-28 18:00:00",96.5,309352
"2016-11-29 18:00:00",96.6,638404
"2016-11-30 18:00:00",96.1,1615675
"2016-12-01 18:00:00",98.1,3015000
"2016-12-02 18:00:00",98,3300199
"2016-12-05 18:00:00",98,236111
"2016-12-06 18:00:00",98.8,200510
"2016-12-07 18:00:00",100.5,3588999
"2016-12-08 18:00:00",101,4248569
"2016-12-09 18:00:00",100.5,593000
"2016-12-12 18:00:00",100.5,8950
"2016-12-13 18:00:00",99.2,36027
"2016-12-14 18:00:00",100,2050160
"2016-12-15 18:00:00",133.5,498000
"2016-12-16 18:00:00",132,3007894
"2016-12-19 18:00:00",129.5,570511
"2016-12-20 18:00:00",128,1116280
"2016-12-21 18:00:00",128,264774
"2016-12-22 18:00:00",130,509764
"2016-12-23 18:00:00",129.5,416828
"2016-12-27 18:00:00",129.5,9042
"2016-12-28 18:00:00",129,264774
"2016-12-29 18:00:00",128.5,34164
"2016-12-30 18:00:00",129,616210
"2017-01-02 18:00:00",132,1728419
"2017-01-03 18:00:00",132,454
"2017-01-04 18:00:00",131.6,1066646
"2017-01-05 18:00:00",132,1838623
"2017-01-06 18:00:00",129.5,1133740
"2017-01-09 18:00:00",126.5,1621441
"2017-01-10 18:00:00",126.5,2150000
"2017-01-11 18:00:00",126.25,952531
"2017-01-12 18:00:00",125.5,750000
"2017-01-13 18:00:00",125.5,233429
"2017-01-16 18:00:00",125.5,0
"2017-01-17 18:00:00",124.5,1038279
"2017-01-18 18:00:00",123,814000
"2017-01-19 18:00:00",125.5,810000
"2017-01-20 18:00:00",125.5,120043
"2017-01-23 18:00:00",124.5,1144017
"2017-01-24 18:00:00",123.5,262639
"2017-01-25 18:00:00",123.5,400
"2017-01-26 18:00:00",125,300000
"2017-01-27 18:00:00",124.5,840000
"2017-01-30 18:00:00",123.5,253014
"2017-01-31 18:00:00",125,315987
"2017-02-01 18:00:00",123.5,2026014
"2017-02-02 18:00:00",125.5,1467143
"2017-02-03 18:00:00",127.5,1030132
"2017-02-06 18:00:00",127.5,7700
"2017-02-07 18:00:00",129.5,564789
"2017-02-08 18:00:00",129.5,294887
"2017-02-09 18:00:00",134,4177425
"2017-02-10 18:00:00",136.5,3896876
"2017-02-13 18:00:00",142,4896567
"2017-02-14 18:00:00",145,3293756
"2017-02-15 18:00:00",145,2554158
"2017-02-16 18:00:00",144.5,817
"2017-02-17 18:00:00",139,3036467
"2017-02-20 18:00:00",139.5,2900110
"2017-02-21 18:00:00",139,254000
"2017-02-22 18:00:00",137,1236857
"2017-02-23 18:00:00",129,11085872
"2017-02-24 18:00:00",131.5,7123442
"2017-02-27 18:00:00",131,2321018
"2017-02-28 18:00:00",133,10326968
"2017-03-01 18:00:00",131.5,5568908
"2017-03-02 18:00:00",132,3650944
"2017-03-03 18:00:00",131,387213
"2017-03-06 18:00:00",115.5,5913589
"2017-03-07 18:00:00",122,8226592
"2017-03-08 18:00:00",117.5,3113514
"2017-03-09 18:00:00",118,1659042
"2017-03-10 18:00:00",115,1035672
"2017-03-13 18:00:00",114,1805081
"2017-03-14 18:00:00",116,1765780
"2017-03-15 18:00:00",120,4112600
"2017-03-16 18:00:00",119.75,1350000
"2017-03-17 18:00:00",122.5,2747300
"2017-03-20 18:00:00",122,1599921
"2017-03-21 18:00:00",121,973014
"2017-03-22 18:00:00",117,207948
"2017-03-23 18:00:00",118,765100
"2017-03-24 18:00:00",116,1263051
"2017-03-27 18:00:00",116,7143
"2017-03-28 18:00:00",115,2088258
"2017-03-29 18:00:00",115,242167
"2017-03-30 18:00:00",113.5,286500
"2017-03-31 18:00:00",113,242826
"2017-04-03 18:00:00",114.5,2683150
"2017-04-04 18:00:00",117,4227028
"2017-04-05 18:00:00",118,2592459
"2017-04-06 18:00:00",117,2112
"2017-04-07 18:00:00",117,505514
"2017-04-10 18:00:00",118.5,641821
"2017-04-11 18:00:00",118.5,2800
"2017-04-12 18:00:00",117,988270
"2017-04-18 18:00:00",116,422854
"2017-04-19 18:00:00",116,37278
"2017-04-21 18:00:00",120.5,1819500
"2017-04-24 18:00:00",119.5,2478104
"2017-04-25 18:00:00",118.5,1257214
"2017-04-26 18:00:00",118,1458222
"2017-04-27 18:00:00",112.5,3755202
"2017-04-28 18:00:00",116,9644442
"2017-05-02 18:00:00",117.5,754778
"2017-05-03 18:00:00",117.5,780314
"2017-05-04 18:00:00",116.5,651070
"2017-05-05 18:00:00",116.75,1127000
"2017-05-08 18:00:00",116.75,606000
"2017-05-09 18:00:00",114.5,1746731
"2017-05-10 18:00:00",116,2331294
"2017-05-11 18:00:00",116,1447884
"2017-05-12 18:00:00",116,1130498
"2017-05-15 18:00:00",117.5,3450000
"2017-05-16 18:00:00",118,2444230
"2017-05-17 18:00:00",119.75,2200000
"2017-05-18 18:00:00",115.5,4667215
"2017-05-19 18:00:00",112.5,4487016
"2017-05-22 18:00:00",109.5,2461633
"2017-05-23 18:00:00",114,2235012
"2017-05-24 18:00:00",114,1631795
"2017-05-26 18:00:00",111.5,1593000
"2017-05-29 18:00:00",110,5010767
"2017-05-30 18:00:00",111.25,3611718
"2017-05-31 18:00:00",111,263550
"2017-06-01 18:00:00",113,1547527
"2017-06-02 18:00:00",111.5,1561900
"2017-06-06 18:00:00",112,7585
"2017-06-07 18:00:00",111,50000
"2017-06-08 18:00:00",113,2358850
"2017-06-09 18:00:00",124,9623635