"DateTime","Reginn Ver√∞ ","Reginn Magn"
"2012-07-02 18:00:00",8.2,38869980
"2012-07-03 18:00:00",8.35,4818646
"2012-07-04 18:00:00",8.46,9502548
"2012-07-05 18:00:00",8.59,15920001
"2012-07-06 18:00:00",8.47,637196
"2012-07-09 18:00:00",8.59,2700000
"2012-07-10 18:00:00",8.48,3578498
"2012-07-11 18:00:00",8.47,2804881
"2012-07-12 18:00:00",8.44,3350732
"2012-07-13 18:00:00",8.44,6868417
"2012-07-16 18:00:00",8.34,329100
"2012-07-17 18:00:00",8.25,2686513
"2012-07-18 18:00:00",8.32,6580297
"2012-07-19 18:00:00",8.28,60976
"2012-07-20 18:00:00",8.31,609757
"2012-07-23 18:00:00",8.25,59391
"2012-07-24 18:00:00",8.25,134635
"2012-07-25 18:00:00",8.26,435368
"2012-07-26 18:00:00",8.3,914879
"2012-07-27 18:00:00",8.34,250000
"2012-07-30 18:00:00",8.23,634757
"2012-07-31 18:00:00",8.25,250000
"2012-08-01 18:00:00",8.31,1897805
"2012-08-02 18:00:00",8.31,1750000
"2012-08-03 18:00:00",8.25,243903
"2012-08-07 18:00:00",8.25,0
"2012-08-08 18:00:00",8.37,9684147
"2012-08-09 18:00:00",8.4,126952
"2012-08-10 18:00:00",8.34,8021953
"2012-08-13 18:00:00",8.33,1439025
"2012-08-14 18:00:00",8.33,838653
"2012-08-15 18:00:00",8.34,927609
"2012-08-16 18:00:00",8.34,7500000
"2012-08-17 18:00:00",8.32,639757
"2012-08-20 18:00:00",8.33,1838247
"2012-08-21 18:00:00",8.3,0
"2012-08-22 18:00:00",8.28,404026
"2012-08-23 18:00:00",8.3,243903
"2012-08-24 18:00:00",8.3,0
"2012-08-27 18:00:00",8.3,5654149
"2012-08-28 18:00:00",8.32,608736
"2012-08-29 18:00:00",8.36,4745391
"2012-08-30 18:00:00",8.38,576379
"2012-08-31 18:00:00",8.5,14710976
"2012-09-03 18:00:00",8.57,3784966
"2012-09-04 18:00:00",8.69,30989153
"2012-09-05 18:00:00",8.73,4077279
"2012-09-06 18:00:00",8.98,12451941
"2012-09-07 18:00:00",8.98,4676466
"2012-09-10 18:00:00",9.01,530488
"2012-09-11 18:00:00",9,3658539
"2012-09-12 18:00:00",9,731709
"2012-09-13 18:00:00",9.1,3500000
"2012-09-14 18:00:00",9.35,11588781
"2012-09-17 18:00:00",9.35,305000
"2012-09-18 18:00:00",9.425,12760864
"2012-09-19 18:00:00",9.5,12651108
"2012-09-20 18:00:00",9.56,2446829
"2012-09-21 18:00:00",9.56,1174508
"2012-09-24 18:00:00",9.58,104490
"2012-09-25 18:00:00",9.48,16077
"2012-09-26 18:00:00",9.57,194413
"2012-09-27 18:00:00",9.78,4778004
"2012-09-28 18:00:00",9.77,39000
"2012-10-01 18:00:00",9.93,3592508
"2012-10-02 18:00:00",9.87,245438
"2012-10-03 18:00:00",9.87,18903
"2012-10-04 18:00:00",9.87,421952
"2012-10-05 18:00:00",9.88,0
"2012-10-08 18:00:00",9.96,3686196
"2012-10-09 18:00:00",10.02,14061339
"2012-10-10 18:00:00",10.02,6852243
"2012-10-11 18:00:00",10.03,3300000
"2012-10-12 18:00:00",10.2,6647842
"2012-10-15 18:00:00",10.2,0
"2012-10-16 18:00:00",10.14,23171
"2012-10-17 18:00:00",10.12,3158000
"2012-10-18 18:00:00",10.3,8953452
"2012-10-19 18:00:00",10.4,40000
"2012-10-22 18:00:00",10.3,293903
"2012-10-23 18:00:00",10.26,409759
"2012-10-24 18:00:00",10.29,124634
"2012-10-25 18:00:00",10.3,707749
"2012-10-26 18:00:00",10.25,508191
"2012-10-29 18:00:00",10.29,600000
"2012-10-30 18:00:00",10.25,808265
"2012-10-31 18:00:00",10.15,161000
"2012-11-01 18:00:00",10.16,199200
"2012-11-02 18:00:00",10.05,2024476
"2012-11-05 18:00:00",10.05,198123
"2012-11-06 18:00:00",10.15,7659989
"2012-11-07 18:00:00",10.2,1227643
"2012-11-08 18:00:00",10.35,2699164
"2012-11-09 18:00:00",10.45,2330665
"2012-11-12 18:00:00",10.45,4304879
"2012-11-13 18:00:00",10.53,3133808
"2012-11-14 18:00:00",10.6,1900000
"2012-11-15 18:00:00",10.55,490845
"2012-11-16 18:00:00",10.55,1690452
"2012-11-19 18:00:00",10.78,12292348
"2012-11-20 18:00:00",10.8,88523
"2012-11-21 18:00:00",10.73,1735074
"2012-11-22 18:00:00",10.8,109226
"2012-11-23 18:00:00",10.8,0
"2012-11-26 18:00:00",10.8,0
"2012-11-27 18:00:00",10.8,15800
"2012-11-28 18:00:00",10.77,353000
"2012-11-29 18:00:00",10.89,20710270
"2012-11-30 18:00:00",10.95,4860017
"2012-12-03 18:00:00",10.95,223908
"2012-12-04 18:00:00",10.75,8487667
"2012-12-05 18:00:00",10.7,4023148
"2012-12-06 18:00:00",10.73,7267096
"2012-12-07 18:00:00",10.74,7000
"2012-12-10 18:00:00",10.68,1488355
"2012-12-11 18:00:00",10.68,210000
"2012-12-12 18:00:00",10.7,183782
"2012-12-13 18:00:00",10.75,353566
"2012-12-14 18:00:00",10.75,166000
"2012-12-17 18:00:00",10.76,4506428
"2012-12-18 18:00:00",10.7,6443903
"2012-12-19 18:00:00",10.58,2145063
"2012-12-20 18:00:00",10.71,4439324
"2012-12-21 18:00:00",10.85,4588098
"2012-12-27 18:00:00",10.86,795122
"2012-12-28 18:00:00",11,4948408
"2013-01-02 18:00:00",11,11652196
"2013-01-03 18:00:00",11.3,5571196
"2013-01-04 18:00:00",11.36,676000
"2013-01-07 18:00:00",11.605,2870976
"2013-01-08 18:00:00",11.52,5895785
"2013-01-09 18:00:00",11.6,1010000
"2013-01-10 18:00:00",11.9,14391900
"2013-01-11 18:00:00",12.3,67596238
"2013-01-14 18:00:00",12.43,1721179
"2013-01-15 18:00:00",12.58,16000
"2013-01-16 18:00:00",12.6,2052793
"2013-01-17 18:00:00",12.47,805864
"2013-01-18 18:00:00",12.35,5800476
"2013-01-21 18:00:00",12.23,294291
"2013-01-22 18:00:00",12.25,207285
"2013-01-23 18:00:00",12.3,5000002
"2013-01-24 18:00:00",12.52,15998781
"2013-01-25 18:00:00",12.49,9000
"2013-01-28 18:00:00",12.72,6072149
"2013-01-29 18:00:00",12.78,4704500
"2013-01-30 18:00:00",12.8,62976
"2013-01-31 18:00:00",13.03,5000000
"2013-02-01 18:00:00",13.09,2098642
"2013-02-04 18:00:00",13.09,1200000
"2013-02-05 18:00:00",13.1,2573499
"2013-02-06 18:00:00",13.13,4465000
"2013-02-07 18:00:00",13.1,4589249
"2013-02-08 18:00:00",13.2,4423070
"2013-02-11 18:00:00",13.02,655595
"2013-02-12 18:00:00",12.95,1000000
"2013-02-13 18:00:00",13.09,4195050
"2013-02-14 18:00:00",13,1710196
"2013-02-15 18:00:00",13.1,13564198
"2013-02-18 18:00:00",13.07,3233683
"2013-02-19 18:00:00",13.08,5004557
"2013-02-20 18:00:00",13.09,150000
"2013-02-21 18:00:00",13.18,6045911
"2013-02-22 18:00:00",13.1,4000000
"2013-02-25 18:00:00",13.15,5370510
"2013-02-26 18:00:00",13.43,8245106
"2013-02-27 18:00:00",13.42,3287230
"2013-02-28 18:00:00",13.19,3225500
"2013-03-01 18:00:00",13.22,7685000
"2013-03-04 18:00:00",13.1,435854
"2013-03-05 18:00:00",13.11,2182928
"2013-03-06 18:00:00",13.72,12901838
"2013-03-07 18:00:00",13.78,8865005
"2013-03-08 18:00:00",13.715,6005600
"2013-03-11 18:00:00",13.68,11738649
"2013-03-12 18:00:00",13.6,94280
"2013-03-13 18:00:00",13.69,2550000
"2013-03-14 18:00:00",13.65,121952
"2013-03-15 18:00:00",13.65,2544104
"2013-03-18 18:00:00",13.5,1050000
"2013-03-19 18:00:00",13.35,10012196
"2013-03-20 18:00:00",13.47,625000
"2013-03-21 18:00:00",13.47,0
"2013-03-22 18:00:00",13.4,5565976
"2013-03-25 18:00:00",13.35,847976
"2013-03-26 18:00:00",13.4,1102475
"2013-03-27 18:00:00",13.5,5252208
"2013-04-02 18:00:00",13.55,6319562
"2013-04-03 18:00:00",13.5,14635
"2013-04-04 18:00:00",13.4,465854
"2013-04-05 18:00:00",13.4,1705000
"2013-04-08 18:00:00",13.43,1175776
"2013-04-09 18:00:00",13.43,7645
"2013-04-10 18:00:00",13.4,100732
"2013-04-11 18:00:00",13.4,111171
"2013-04-12 18:00:00",13.4,1000000
"2013-04-15 18:00:00",13.1,550252
"2013-04-16 18:00:00",13.25,4589016
"2013-04-17 18:00:00",13.48,2773567
"2013-04-18 18:00:00",13.6,6981101
"2013-04-19 18:00:00",13.61,1923659
"2013-04-22 18:00:00",13.5,3922100
"2013-04-23 18:00:00",13.55,2651586
"2013-04-24 18:00:00",13.6,1100000
"2013-04-26 18:00:00",13.63,1585042
"2013-04-29 18:00:00",13.4,1825718
"2013-04-30 18:00:00",13.35,2650000
"2013-05-02 18:00:00",13.23,4500000
"2013-05-03 18:00:00",13.25,170733
"2013-05-06 18:00:00",13.2,2386951
"2013-05-07 18:00:00",13.2,2499957
"2013-05-08 18:00:00",13.25,2843691
"2013-05-10 18:00:00",13.15,2670106
"2013-05-13 18:00:00",13,6604172
"2013-05-14 18:00:00",12.78,7825071
"2013-05-15 18:00:00",12.78,3265709
"2013-05-16 18:00:00",12.61,46810724
"2013-05-17 18:00:00",12.72,3552953
"2013-05-21 18:00:00",12.56,2417681
"2013-05-22 18:00:00",12.72,3120000
"2013-05-23 18:00:00",12.72,0
"2013-05-24 18:00:00",12.73,3460817
"2013-05-27 18:00:00",12.7,34060784
"2013-05-28 18:00:00",12.32,5106856
"2013-05-29 18:00:00",12.3,5510000
"2013-05-30 18:00:00",12.4,4500000
"2013-05-31 18:00:00",12.35,16080536
"2013-06-03 18:00:00",12.5,4717723
"2013-06-04 18:00:00",12.31,7228455
"2013-06-05 18:00:00",12.45,6160000
"2013-06-06 18:00:00",12.9,345820000
"2013-06-07 18:00:00",12.95,144952
"2013-06-10 18:00:00",12.8,12345000
"2013-06-11 18:00:00",12.65,2100000
"2013-06-12 18:00:00",12.65,0
"2013-06-13 18:00:00",12.4,7550000
"2013-06-14 18:00:00",12.52,690700
"2013-06-18 18:00:00",12.25,550000
"2013-06-19 18:00:00",12.35,6508000
"2013-06-20 18:00:00",12.35,4500000
"2013-06-21 18:00:00",12.3,4000000
"2013-06-24 18:00:00",12.38,1934950
"2013-06-25 18:00:00",12.4,3000000
"2013-06-26 18:00:00",12.4,10000
"2013-06-27 18:00:00",12.37,5725000
"2013-06-28 18:00:00",12.37,237235
"2013-07-01 18:00:00",12.35,1100000
"2013-07-02 18:00:00",12.46,4133903
"2013-07-03 18:00:00",12.46,0
"2013-07-04 18:00:00",12.33,2507241
"2013-07-05 18:00:00",12.27,620071
"2013-07-08 18:00:00",12.42,16300
"2013-07-09 18:00:00",12.25,512196
"2013-07-10 18:00:00",12.26,538336
"2013-07-11 18:00:00",12.44,4346515
"2013-07-12 18:00:00",12.49,880000
"2013-07-15 18:00:00",12.49,0
"2013-07-16 18:00:00",12.36,12196
"2013-07-17 18:00:00",12.55,4027135
"2013-07-18 18:00:00",12.68,5529269
"2013-07-19 18:00:00",12.75,4088648
"2013-07-22 18:00:00",12.79,35000
"2013-07-23 18:00:00",12.86,2000000
"2013-07-24 18:00:00",12.88,656000
"2013-07-25 18:00:00",12.87,524696
"2013-07-26 18:00:00",12.8,6644115
"2013-07-29 18:00:00",12.8,0
"2013-07-30 18:00:00",12.8,0
"2013-07-31 18:00:00",12.91,5500000
"2013-08-01 18:00:00",13.06,2547809
"2013-08-02 18:00:00",13.06,6702392
"2013-08-06 18:00:00",13.145,495342
"2013-08-07 18:00:00",13.15,3466098
"2013-08-08 18:00:00",13.24,1318196
"2013-08-09 18:00:00",13.23,457914
"2013-08-12 18:00:00",13.15,130729
"2013-08-13 18:00:00",13.1,5794636
"2013-08-14 18:00:00",13.12,810386
"2013-08-15 18:00:00",13.15,189586
"2013-08-16 18:00:00",13.1,5060976
"2013-08-19 18:00:00",13.1,0
"2013-08-20 18:00:00",13.2,857500
"2013-08-21 18:00:00",13.22,37821
"2013-08-22 18:00:00",13.28,547241
"2013-08-23 18:00:00",13.2,870693
"2013-08-26 18:00:00",13.15,107388
"2013-08-27 18:00:00",13.39,3000000
"2013-08-28 18:00:00",13.4,16213518
"2013-08-29 18:00:00",13.42,3000000
"2013-08-30 18:00:00",13.31,100000
"2013-09-02 18:00:00",13.58,1500000
"2013-09-03 18:00:00",13.67,1000000
"2013-09-04 18:00:00",13.75,7527000
"2013-09-05 18:00:00",14,10356388
"2013-09-06 18:00:00",13.95,3500000
"2013-09-09 18:00:00",13.81,2500000
"2013-09-10 18:00:00",13.81,0
"2013-09-11 18:00:00",13.84,621000
"2013-09-12 18:00:00",13.71,74150
"2013-09-13 18:00:00",14.05,56609304
"2013-09-16 18:00:00",14.06,1118293
"2013-09-17 18:00:00",13.81,1043187
"2013-09-18 18:00:00",13.9,2000000
"2013-09-19 18:00:00",13.9,0
"2013-09-20 18:00:00",13.95,1000000
"2013-09-23 18:00:00",13.72,3045000
"2013-09-24 18:00:00",13.8,1060000
"2013-09-25 18:00:00",13.81,5555000
"2013-09-26 18:00:00",13.81,0
"2013-09-27 18:00:00",13.83,500000
"2013-09-30 18:00:00",13.72,504000
"2013-10-01 18:00:00",13.72,0
"2013-10-02 18:00:00",13.75,5610158
"2013-10-03 18:00:00",13.61,2010145
"2013-10-04 18:00:00",13.45,2695579
"2013-10-07 18:00:00",13.26,1000000
"2013-10-08 18:00:00",13.15,6916861
"2013-10-09 18:00:00",13.15,0
"2013-10-10 18:00:00",13.44,6537880
"2013-10-11 18:00:00",13.43,3491470
"2013-10-14 18:00:00",13.3,320263
"2013-10-15 18:00:00",13.3,197391
"2013-10-16 18:00:00",13.4,648691
"2013-10-17 18:00:00",13.4,0
"2013-10-18 18:00:00",13.31,243903
"2013-10-21 18:00:00",13.4,500000
"2013-10-22 18:00:00",13.48,1098797
"2013-10-23 18:00:00",13.58,4600000
"2013-10-24 18:00:00",13.75,3251818
"2013-10-25 18:00:00",13.78,220000
"2013-10-28 18:00:00",13.75,1407781
"2013-10-29 18:00:00",13.61,1285825
"2013-10-30 18:00:00",13.7,500000
"2013-10-31 18:00:00",13.75,618391
"2013-11-01 18:00:00",13.75,23069
"2013-11-04 18:00:00",13.75,553416
"2013-11-05 18:00:00",13.76,4252927
"2013-11-06 18:00:00",13.85,7100
"2013-11-07 18:00:00",13.7,2602449
"2013-11-08 18:00:00",13.7,0
"2013-11-11 18:00:00",13.65,560976
"2013-11-12 18:00:00",13.7,1140000
"2013-11-13 18:00:00",13.66,21007500
"2013-11-14 18:00:00",13.66,6743903
"2013-11-15 18:00:00",13.625,400000
"2013-11-18 18:00:00",13.92,7496022
"2013-11-19 18:00:00",13.8,516300
"2013-11-20 18:00:00",13.88,5500000
"2013-11-21 18:00:00",13.88,0
"2013-11-22 18:00:00",13.92,3060976
"2013-11-25 18:00:00",13.97,4000000
"2013-11-26 18:00:00",13.915,2381806
"2013-11-27 18:00:00",13.94,1880168
"2013-11-28 18:00:00",13.99,11047804
"2013-11-29 18:00:00",14.2,11277318
"2013-12-02 18:00:00",14.29,42000
"2013-12-03 18:00:00",14.2,123592
"2013-12-04 18:00:00",14.28,1070000
"2013-12-05 18:00:00",14.3,3273178
"2013-12-06 18:00:00",14.6,5648019
"2013-12-09 18:00:00",14.55,700000
"2013-12-10 18:00:00",14.61,500000
"2013-12-11 18:00:00",14.52,8354
"2013-12-12 18:00:00",14.1,5756288
"2013-12-13 18:00:00",14.3,1500000
"2013-12-16 18:00:00",14.28,1964121
"2013-12-17 18:00:00",14.2,4400000
"2013-12-18 18:00:00",14.2,0
"2013-12-19 18:00:00",14.21,5830402
"2013-12-20 18:00:00",14.99,10649695
"2013-12-23 18:00:00",14.95,1934000
"2013-12-27 18:00:00",15.1,3175000
"2013-12-30 18:00:00",15.55,21668868
"2014-01-02 18:00:00",15.8,3388395
"2014-01-03 18:00:00",15.7,3285887
"2014-01-06 18:00:00",15.7,93497267
"2014-01-07 18:00:00",15.75,2133855
"2014-01-08 18:00:00",15.675,10010000
"2014-01-09 18:00:00",15.675,0
"2014-01-10 18:00:00",15.65,5022150
"2014-01-13 18:00:00",15.75,128000
"2014-01-14 18:00:00",15.75,2124638
"2014-01-15 18:00:00",15.65,5277952
"2014-01-16 18:00:00",15.75,2137000
"2014-01-17 18:00:00",15.95,8717500
"2014-01-20 18:00:00",15.9,1510000
"2014-01-21 18:00:00",15.8,2933000
"2014-01-22 18:00:00",15.9,4642816
"2014-01-23 18:00:00",16,562000
"2014-01-24 18:00:00",16,717073
"2014-01-27 18:00:00",15.95,598709
"2014-01-28 18:00:00",15.875,12000000
"2014-01-29 18:00:00",15.875,0
"2014-01-30 18:00:00",15.85,1845783
"2014-01-31 18:00:00",15.9,2500000
"2014-02-03 18:00:00",15.9,0
"2014-02-04 18:00:00",15.9,673488
"2014-02-05 18:00:00",15.9,1024391
"2014-02-06 18:00:00",15.8,2797561
"2014-02-07 18:00:00",15.85,1150000
"2014-02-10 18:00:00",15.85,524392
"2014-02-11 18:00:00",15.85,0
"2014-02-12 18:00:00",16,2653125
"2014-02-13 18:00:00",15.98,13000000
"2014-02-14 18:00:00",16.05,1042372
"2014-02-17 18:00:00",16.05,12427880
"2014-02-18 18:00:00",16.4,14819195
"2014-02-19 18:00:00",16.35,4900000
"2014-02-20 18:00:00",16.35,3547805
"2014-02-21 18:00:00",16.35,655903
"2014-02-24 18:00:00",16.35,0
"2014-02-25 18:00:00",16.05,6592997
"2014-02-26 18:00:00",16.45,7387195
"2014-02-27 18:00:00",16.55,5012805
"2014-02-28 18:00:00",16.45,3693000
"2014-03-03 18:00:00",16.55,2657341
"2014-03-04 18:00:00",16.5,10931871
"2014-03-05 18:00:00",16.85,30306281
"2014-03-06 18:00:00",16.75,13589854
"2014-03-07 18:00:00",16.6,2592002
"2014-03-10 18:00:00",16.6,250000
"2014-03-11 18:00:00",16.5,2714620
"2014-03-12 18:00:00",16.35,480600
"2014-03-13 18:00:00",16.35,0
"2014-03-14 18:00:00",16.25,300000
"2014-03-17 18:00:00",16.35,33500000
"2014-03-18 18:00:00",16.5,1063809
"2014-03-19 18:00:00",16.425,5150000
"2014-03-20 18:00:00",16.4,1031000
"2014-03-21 18:00:00",16.5,60000
"2014-03-24 18:00:00",16.55,2000000
"2014-03-25 18:00:00",16.45,11529000
"2014-03-26 18:00:00",16.4,4159274
"2014-03-27 18:00:00",16.35,3020000
"2014-03-28 18:00:00",16.45,6663341
"2014-03-31 18:00:00",16.55,24499599
"2014-04-01 18:00:00",16.5,3498395
"2014-04-02 18:00:00",16.5,0
"2014-04-03 18:00:00",16.35,2007045
"2014-04-04 18:00:00",16.5,2500000
"2014-04-07 18:00:00",16.55,1400000
"2014-04-08 18:00:00",16.6,74878
"2014-04-09 18:00:00",16.65,7697165
"2014-04-10 18:00:00",16.7,2000000
"2014-04-11 18:00:00",16.6,1199047
"2014-04-14 18:00:00",16.55,2120000
"2014-04-15 18:00:00",16.4,2328719
"2014-04-16 18:00:00",16.15,9229886
"2014-04-22 18:00:00",16.2,2996362
"2014-04-23 18:00:00",16.3,2719513
"2014-04-25 18:00:00",16.45,632371
"2014-04-28 18:00:00",16.4,1055854
"2014-04-29 18:00:00",16.4,40300
"2014-04-30 18:00:00",16.45,6283055
"2014-05-02 18:00:00",16.45,2568293
"2014-05-05 18:00:00",16.5,2051581
"2014-05-06 18:00:00",16.55,1022241
"2014-05-07 18:00:00",16.5,550327
"2014-05-08 18:00:00",16.55,195199
"2014-05-09 18:00:00",16.45,1900000
"2014-05-12 18:00:00",16.4,429282
"2014-05-13 18:00:00",16.4,8946105
"2014-05-14 18:00:00",16.35,500000
"2014-05-15 18:00:00",16.3,1070000
"2014-05-16 18:00:00",16.5,1590670
"2014-05-19 18:00:00",16.4,1000000
"2014-05-20 18:00:00",16.4,2650000
"2014-05-21 18:00:00",16.25,5080403
"2014-05-22 18:00:00",16.2,1500000
"2014-05-23 18:00:00",16.3,42390
"2014-05-26 18:00:00",16.3,0
"2014-05-27 18:00:00",16.1,1300000
"2014-05-28 18:00:00",15.95,10557078
"2014-05-30 18:00:00",15.95,1812581
"2014-06-02 18:00:00",16.2,10031759
"2014-06-03 18:00:00",16.1,1333690
"2014-06-04 18:00:00",16.25,1060000
"2014-06-05 18:00:00",16.25,0
"2014-06-06 18:00:00",16.2,3000000
"2014-06-10 18:00:00",16.2,10664635
"2014-06-11 18:00:00",16.2,754950
"2014-06-12 18:00:00",16.3,3500000
"2014-06-13 18:00:00",16.4,10050000
"2014-06-16 18:00:00",16.4,0
"2014-06-18 18:00:00",16.1,2097786
"2014-06-19 18:00:00",16,6250000
"2014-06-20 18:00:00",15.95,541886
"2014-06-23 18:00:00",15.95,2500000
"2014-06-24 18:00:00",15.7,6512196
"2014-06-25 18:00:00",15.7,200000
"2014-06-26 18:00:00",15.7,0
"2014-06-27 18:00:00",15.7,900000
"2014-06-30 18:00:00",15.7,277927
"2014-07-01 18:00:00",15.7,9500
"2014-07-02 18:00:00",15.8,1500000
"2014-07-03 18:00:00",15.95,4487296
"2014-07-04 18:00:00",16,500000
"2014-07-07 18:00:00",16,2000000
"2014-07-08 18:00:00",16.05,1031300
"2014-07-09 18:00:00",15.9,6469
"2014-07-10 18:00:00",15.9,1000000
"2014-07-11 18:00:00",15.9,0
"2014-07-14 18:00:00",16,1500000
"2014-07-15 18:00:00",15.9,571486
"2014-07-16 18:00:00",16,30000
"2014-07-17 18:00:00",15.9,1000000
"2014-07-18 18:00:00",15.9,1012579
"2014-07-21 18:00:00",15.95,150000
"2014-07-22 18:00:00",15.8,1000000
"2014-07-23 18:00:00",15.8,920000
"2014-07-24 18:00:00",15.85,63291
"2014-07-25 18:00:00",16.1,11100000
"2014-07-28 18:00:00",15.95,17673
"2014-07-29 18:00:00",15.8,1036586
"2014-07-30 18:00:00",15.8,1029000
"2014-07-31 18:00:00",15.8,3879000
"2014-08-01 18:00:00",15.6,550000
"2014-08-05 18:00:00",15.6,1000000
"2014-08-06 18:00:00",15.55,81000
"2014-08-07 18:00:00",15.55,0
"2014-08-08 18:00:00",15.7,3020136
"2014-08-11 18:00:00",15.5,8800
"2014-08-12 18:00:00",15.5,500000
"2014-08-13 18:00:00",15.7,1269000
"2014-08-14 18:00:00",15.5,730000
"2014-08-15 18:00:00",15.5,1228
"2014-08-18 18:00:00",15.5,148657
"2014-08-19 18:00:00",15.5,0
"2014-08-20 18:00:00",15.7,400000
"2014-08-21 18:00:00",15.7,652000
"2014-08-22 18:00:00",15.7,250000
"2014-08-25 18:00:00",15.7,31726
"2014-08-26 18:00:00",15.65,4000000
"2014-08-27 18:00:00",15.675,3627389
"2014-08-28 18:00:00",15.75,1042366
"2014-08-29 18:00:00",15.85,6109871
"2014-09-01 18:00:00",15.8,6607423
"2014-09-02 18:00:00",15.7,1500000
"2014-09-03 18:00:00",15.55,704000
"2014-09-04 18:00:00",15.45,143965
"2014-09-05 18:00:00",15.7,1630000
"2014-09-08 18:00:00",15.75,585000
"2014-09-09 18:00:00",15.5,6960000
"2014-09-10 18:00:00",15.3,57000
"2014-09-11 18:00:00",15.3,0
"2014-09-12 18:00:00",15.3,1001135
"2014-09-15 18:00:00",15.3,2015000
"2014-09-16 18:00:00",15.25,13000
"2014-09-17 18:00:00",15.25,1160000
"2014-09-18 18:00:00",15.2,4439
"2014-09-19 18:00:00",15.2,0
"2014-09-22 18:00:00",15.2,0
"2014-09-23 18:00:00",15.2,0
"2014-09-24 18:00:00",15.2,128000
"2014-09-25 18:00:00",15.2,115000
"2014-09-26 18:00:00",15.25,2066000
"2014-09-29 18:00:00",15.2,270000
"2014-09-30 18:00:00",15.2,50000
"2014-10-01 18:00:00",15.2,33500
"2014-10-02 18:00:00",15.2,0
"2014-10-03 18:00:00",15.35,328037
"2014-10-06 18:00:00",15.35,0
"2014-10-07 18:00:00",15.25,11212
"2014-10-08 18:00:00",15.1,1897070
"2014-10-09 18:00:00",15.1,0
"2014-10-10 18:00:00",15.1,10211582
"2014-10-13 18:00:00",14.95,921376
"2014-10-14 18:00:00",14.9,1000000
"2014-10-15 18:00:00",14.75,536178
"2014-10-16 18:00:00",14.8,18506500
"2014-10-17 18:00:00",14.95,11492660
"2014-10-20 18:00:00",14.85,34000
"2014-10-21 18:00:00",14.85,13600
"2014-10-22 18:00:00",14.9,1303660
"2014-10-23 18:00:00",14.85,9005521
"2014-10-24 18:00:00",14.9,536002
"2014-10-27 18:00:00",14.75,364919
"2014-10-28 18:00:00",14.75,1157630
"2014-10-29 18:00:00",14.55,16850000
"2014-10-30 18:00:00",14.31,7400000
"2014-10-31 18:00:00",14.31,3000000
"2014-11-03 18:00:00",14.31,0
"2014-11-04 18:00:00",14.41,1269200
"2014-11-05 18:00:00",14.4,5278538
"2014-11-06 18:00:00",14.3,235000
"2014-11-07 18:00:00",14.3,1000000
"2014-11-10 18:00:00",14.3,0
"2014-11-11 18:00:00",14.3,0
"2014-11-12 18:00:00",14.1,465574
"2014-11-13 18:00:00",14.15,3590000
"2014-11-14 18:00:00",13.9,3715109
"2014-11-17 18:00:00",14.05,7500000
"2014-11-18 18:00:00",14.25,7515000
"2014-11-19 18:00:00",14.15,142425
"2014-11-20 18:00:00",14.31,260388
"2014-11-21 18:00:00",14.14,3129066
"2014-11-24 18:00:00",14.2,500000
"2014-11-25 18:00:00",14.31,8224656
"2014-11-26 18:00:00",14.2,6200000
"2014-11-27 18:00:00",14.1,5700000
"2014-11-28 18:00:00",14.15,3769465
"2014-12-01 18:00:00",14.15,0
"2014-12-02 18:00:00",14.1,219300
"2014-12-03 18:00:00",14,4291952
"2014-12-04 18:00:00",13.95,117164
"2014-12-05 18:00:00",14.05,1121000
"2014-12-08 18:00:00",14.05,0
"2014-12-09 18:00:00",14.25,8700000
"2014-12-10 18:00:00",14.55,7172700
"2014-12-11 18:00:00",14.6,5000000
"2014-12-12 18:00:00",14.45,2868493
"2014-12-15 18:00:00",14.3,1975629
"2014-12-16 18:00:00",14.05,2000000
"2014-12-17 18:00:00",14,1000000
"2014-12-18 18:00:00",13.65,9898455
"2014-12-19 18:00:00",13.8,2000000
"2014-12-22 18:00:00",13.55,1097678
"2014-12-23 18:00:00",13.625,2750000
"2014-12-29 18:00:00",13.625,0
"2014-12-30 18:00:00",13.55,1185850
"2015-01-02 18:00:00",13.55,2019800
"2015-01-05 18:00:00",13.75,4246604
"2015-01-06 18:00:00",13.75,1100000
"2015-01-07 18:00:00",14.15,14550208
"2015-01-08 18:00:00",14.4,3254274
"2015-01-09 18:00:00",14.43,4500000
"2015-01-12 18:00:00",14.46,1165000
"2015-01-13 18:00:00",14.46,0
"2015-01-14 18:00:00",14.71,22873300
"2015-01-15 18:00:00",14.67,565100
"2015-01-16 18:00:00",14.67,0
"2015-01-19 18:00:00",14.5,2000000
"2015-01-20 18:00:00",14.5,1000000
"2015-01-21 18:00:00",14.5,1503103
"2015-01-22 18:00:00",14.5,2166130
"2015-01-23 18:00:00",14.5,2000000
"2015-01-26 18:00:00",14.41,214491
"2015-01-27 18:00:00",14.475,4540000
"2015-01-28 18:00:00",14.4,2550000
"2015-01-29 18:00:00",14.425,3700000
"2015-01-30 18:00:00",14.35,953932
"2015-02-02 18:00:00",14.425,7000000
"2015-02-03 18:00:00",14.4,450000
"2015-02-04 18:00:00",14.42,1116944
"2015-02-05 18:00:00",14.35,1500000
"2015-02-06 18:00:00",14.3,280000
"2015-02-09 18:00:00",14.39,2900000
"2015-02-10 18:00:00",14.2,5088493
"2015-02-11 18:00:00",14.34,8833114
"2015-02-12 18:00:00",14.33,1072358
"2015-02-13 18:00:00",14.33,0
"2015-02-16 18:00:00",14.25,346731
"2015-02-17 18:00:00",14.3,3750000
"2015-02-18 18:00:00",14.2,2550000
"2015-02-19 18:00:00",14.225,3183996
"2015-02-20 18:00:00",14.3,469200
"2015-02-23 18:00:00",14.3,6200000
"2015-02-24 18:00:00",14.3,1619514
"2015-02-25 18:00:00",14.4,7742949
"2015-02-26 18:00:00",14.65,3919036
"2015-02-27 18:00:00",14.55,14428611
"2015-03-02 18:00:00",14.6,798939
"2015-03-03 18:00:00",14.6,764092
"2015-03-04 18:00:00",14.8,9783789
"2015-03-05 18:00:00",14.8,0
"2015-03-06 18:00:00",14.8,4299465
"2015-03-09 18:00:00",14.91,2135000
"2015-03-10 18:00:00",14.85,2016791
"2015-03-11 18:00:00",14.9,5546880
"2015-03-12 18:00:00",14.75,1024391
"2015-03-13 18:00:00",14.75,0
"2015-03-16 18:00:00",14.75,139502
"2015-03-17 18:00:00",15.15,16993880
"2015-03-18 18:00:00",14.96,1500000
"2015-03-19 18:00:00",14.91,12195
"2015-03-20 18:00:00",15.1,15280000
"2015-03-23 18:00:00",15.05,4500000
"2015-03-24 18:00:00",15.2,19097000
"2015-03-25 18:00:00",15.5,9821952
"2015-03-26 18:00:00",15.55,1839444
"2015-03-27 18:00:00",15.5,21000000
"2015-03-30 18:00:00",15.45,2740408
"2015-03-31 18:00:00",15.5,3500000
"2015-04-01 18:00:00",15.5,3512796
"2015-04-07 18:00:00",15.35,8085000
"2015-04-08 18:00:00",15.375,2000000
"2015-04-09 18:00:00",15.3,3092500
"2015-04-10 18:00:00",15.35,57388
"2015-04-13 18:00:00",15.3,1000000
"2015-04-14 18:00:00",15.075,6000000
"2015-04-15 18:00:00",15.125,6313998
"2015-04-16 18:00:00",15.05,5083333
"2015-04-17 18:00:00",15.05,0
"2015-04-20 18:00:00",15.05,156600
"2015-04-21 18:00:00",14.9,1000000
"2015-04-22 18:00:00",14.75,2170000
"2015-04-24 18:00:00",14.75,1013000
"2015-04-27 18:00:00",14.45,3000000
"2015-04-28 18:00:00",14.3,3343293
"2015-04-29 18:00:00",14.4,1000000
"2015-04-30 18:00:00",14.25,1310400
"2015-05-04 18:00:00",14.25,0
"2015-05-05 18:00:00",14.25,141308
"2015-05-06 18:00:00",14.15,6000000
"2015-05-07 18:00:00",13.95,4500000
"2015-05-08 18:00:00",14.15,3390350
"2015-05-11 18:00:00",14.15,0
"2015-05-12 18:00:00",14.15,0
"2015-05-13 18:00:00",14.25,412000
"2015-05-15 18:00:00",14.25,156000
"2015-05-18 18:00:00",14.1,73964
"2015-05-19 18:00:00",14.1,0
"2015-05-20 18:00:00",14.13,15000
"2015-05-21 18:00:00",14.18,1001500
"2015-05-22 18:00:00",14.18,0
"2015-05-26 18:00:00",14.2,895059
"2015-05-27 18:00:00",14.3,138488
"2015-05-28 18:00:00",14.4,500000
"2015-05-29 18:00:00",14.25,1172389
"2015-06-01 18:00:00",14.1,4575391
"2015-06-02 18:00:00",14.1,235000
"2015-06-03 18:00:00",14.1,300000
"2015-06-04 18:00:00",14,403879
"2015-06-05 18:00:00",13.95,44391
"2015-06-08 18:00:00",14.3,4500000
"2015-06-09 18:00:00",14.3,3100000
"2015-06-10 18:00:00",14.16,2012000
"2015-06-11 18:00:00",14.1,1000000
"2015-06-12 18:00:00",14.1,78171
"2015-06-15 18:00:00",14,100000
"2015-06-16 18:00:00",14.21,3249186
"2015-06-18 18:00:00",14.4,500000
"2015-06-19 18:00:00",14.4,1000000
"2015-06-22 18:00:00",14.3,65404
"2015-06-23 18:00:00",14.2,6127780
"2015-06-24 18:00:00",14.63,8858805
"2015-06-25 18:00:00",14.8,527464
"2015-06-26 18:00:00",14.8,1068500
"2015-06-29 18:00:00",14.9,2027906
"2015-06-30 18:00:00",14.85,4770000
"2015-07-01 18:00:00",15,552100
"2015-07-02 18:00:00",15.05,12500000
"2015-07-03 18:00:00",15.075,2500000
"2015-07-06 18:00:00",15.4,8512229
"2015-07-07 18:00:00",15.375,2125000
"2015-07-08 18:00:00",15.5,10626212
"2015-07-09 18:00:00",15.6,1925000
"2015-07-10 18:00:00",15.9,4222417
"2015-07-13 18:00:00",15.9,553673
"2015-07-14 18:00:00",15.75,887155
"2015-07-15 18:00:00",15.75,10006000
"2015-07-16 18:00:00",15.8,175000
"2015-07-17 18:00:00",15.65,60000
"2015-07-20 18:00:00",15.65,0
"2015-07-21 18:00:00",15.7,328042
"2015-07-22 18:00:00",15.75,15000
"2015-07-23 18:00:00",15.85,14000000
"2015-07-24 18:00:00",16,100000
"2015-07-27 18:00:00",16,0
"2015-07-28 18:00:00",15.85,3000000
"2015-07-29 18:00:00",15.8,3500000
"2015-07-30 18:00:00",15.75,5357388
"2015-07-31 18:00:00",15.7,2146570
"2015-08-04 18:00:00",15.725,7682927
"2015-08-05 18:00:00",15.8,1000000
"2015-08-06 18:00:00",15.8,0
"2015-08-07 18:00:00",15.7,216000
"2015-08-10 18:00:00",15.8,3105000
"2015-08-11 18:00:00",15.75,6000000
"2015-08-12 18:00:00",15.75,15500000
"2015-08-13 18:00:00",15.85,8668500
"2015-08-14 18:00:00",15.85,5500000
"2015-08-17 18:00:00",15.8,5580000
"2015-08-18 18:00:00",15.6,2970739
"2015-08-19 18:00:00",15.75,6657388
"2015-08-20 18:00:00",15.95,9700054
"2015-08-21 18:00:00",15.975,1750000
"2015-08-24 18:00:00",15.775,13394879
"2015-08-25 18:00:00",15.85,12301921
"2015-08-26 18:00:00",16.3,13003537
"2015-08-27 18:00:00",16.65,20874357
"2015-08-28 18:00:00",16.55,3320000
"2015-08-31 18:00:00",16.7,3775517
"2015-09-01 18:00:00",16.7,0
"2015-09-02 18:00:00",16.7,121952
"2015-09-03 18:00:00",16.7,0
"2015-09-04 18:00:00",16.55,1408000
"2015-09-07 18:00:00",16.75,4418750
"2015-09-08 18:00:00",16.9,11650000
"2015-09-09 18:00:00",17,8980000
"2015-09-10 18:00:00",17,8250000
"2015-09-11 18:00:00",16.85,4000000
"2015-09-14 18:00:00",16.85,12456565
"2015-09-15 18:00:00",16.775,4015264
"2015-09-16 18:00:00",16.8,8402394
"2015-09-17 18:00:00",16.85,3500000
"2015-09-18 18:00:00",16.85,0
"2015-09-21 18:00:00",16.75,1020000
"2015-09-22 18:00:00",16.7,4436211
"2015-09-23 18:00:00",17.25,17163660
"2015-09-24 18:00:00",17.3,3527000
"2015-09-25 18:00:00",17.4,9400000
"2015-09-28 18:00:00",17.55,9500000
"2015-09-29 18:00:00",17.4,2767494
"2015-09-30 18:00:00",17.55,3700000
"2015-10-01 18:00:00",17.25,1277927
"2015-10-02 18:00:00",17.4,1085600
"2015-10-05 18:00:00",17.7,7068858
"2015-10-06 18:00:00",17.75,442851
"2015-10-07 18:00:00",17.75,5790947
"2015-10-08 18:00:00",17.85,5275016
"2015-10-09 18:00:00",17.9,2500000
"2015-10-12 18:00:00",17.9,3167300
"2015-10-13 18:00:00",18.3,8606350
"2015-10-14 18:00:00",18.35,7092095
"2015-10-15 18:00:00",18.45,527100
"2015-10-16 18:00:00",18.5,36216
"2015-10-19 18:00:00",18.4,22000
"2015-10-20 18:00:00",18.8,16000000
"2015-10-21 18:00:00",18.8,7265140
"2015-10-22 18:00:00",19.05,3904000
"2015-10-23 18:00:00",19.15,5754550
"2015-10-26 18:00:00",19,1559229
"2015-10-27 18:00:00",19.05,2990952
"2015-10-28 18:00:00",19.1,15522196
"2015-10-29 18:00:00",19.1,76387
"2015-10-30 18:00:00",19.1,57000
"2015-11-02 18:00:00",19.1,2015000
"2015-11-03 18:00:00",19.15,1908194
"2015-11-04 18:00:00",18.7,6012500
"2015-11-05 18:00:00",18.65,3275403
"2015-11-06 18:00:00",18.65,6331000
"2015-11-09 18:00:00",18.65,811636
"2015-11-10 18:00:00",18.6,400000
"2015-11-11 18:00:00",18.35,1091743
"2015-11-12 18:00:00",18.25,1388903
"2015-11-13 18:00:00",19.25,24932305
"2015-11-16 18:00:00",19.25,0
"2015-11-17 18:00:00",18.9,2750000
"2015-11-18 18:00:00",18.75,3795541
"2015-11-19 18:00:00",19,1844700
"2015-11-20 18:00:00",19.175,1500000
"2015-11-23 18:00:00",19.3,5500000
"2015-11-24 18:00:00",19.3,4300000
"2015-11-25 18:00:00",18.9,1018284
"2015-11-26 18:00:00",19,530000
"2015-11-27 18:00:00",19,0
"2015-11-30 18:00:00",19,150000
"2015-12-01 18:00:00",19,0
"2015-12-02 18:00:00",19,3132000
"2015-12-03 18:00:00",19.05,2026000
"2015-12-04 18:00:00",19.05,3300
"2015-12-07 18:00:00",19.15,4015000
"2015-12-08 18:00:00",19.15,12863
"2015-12-09 18:00:00",19.35,3300000
"2015-12-10 18:00:00",19.4,233000
"2015-12-11 18:00:00",19.7,4780380
"2015-12-14 18:00:00",19.625,5000000
"2015-12-15 18:00:00",19.55,556000
"2015-12-16 18:00:00",19.6,1434000
"2015-12-17 18:00:00",19.6,0
"2015-12-18 18:00:00",19.7,250000
"2015-12-21 18:00:00",19.7,1150000
"2015-12-22 18:00:00",19.55,1305150
"2015-12-23 18:00:00",19.5,135000
"2015-12-28 18:00:00",19.5,0
"2015-12-29 18:00:00",19.5,22035
"2015-12-30 18:00:00",19.6,5000000
"2016-01-04 18:00:00",19.55,11521745
"2016-01-05 18:00:00",20.15,6541086
"2016-01-06 18:00:00",20.05,1535000
"2016-01-07 18:00:00",20.225,4525800
"2016-01-08 18:00:00",20.45,2405900
"2016-01-11 18:00:00",20.45,14600
"2016-01-12 18:00:00",20.4,151372
"2016-01-13 18:00:00",20.7,7689017
"2016-01-14 18:00:00",20.45,5048422
"2016-01-15 18:00:00",20,1683000
"2016-01-18 18:00:00",19.75,17100000
"2016-01-19 18:00:00",20.35,4483969
"2016-01-20 18:00:00",20.1,1750000
"2016-01-21 18:00:00",20.3,2706504
"2016-01-22 18:00:00",20.6,1025000
"2016-01-25 18:00:00",20.7,1250000
"2016-01-26 18:00:00",20.65,38000
"2016-01-27 18:00:00",20.9,6325000
"2016-01-28 18:00:00",20.85,4014210
"2016-01-29 18:00:00",20.65,1690000
"2016-02-01 18:00:00",20.65,1000000
"2016-02-02 18:00:00",20.6,500000
"2016-02-03 18:00:00",20.6,0
"2016-02-04 18:00:00",20.5,3046850
"2016-02-05 18:00:00",20.4,3012196
"2016-02-08 18:00:00",20.35,2500000
"2016-02-09 18:00:00",20.35,0
"2016-02-10 18:00:00",19.95,4974200
"2016-02-11 18:00:00",19.8,860000
"2016-02-12 18:00:00",19.8,146405
"2016-02-15 18:00:00",19.8,4000000
"2016-02-16 18:00:00",19.8,0
"2016-02-17 18:00:00",19.65,1121300
"2016-02-18 18:00:00",19.65,1225000
"2016-02-19 18:00:00",19.55,1297600
"2016-02-22 18:00:00",19.6,2410127
"2016-02-23 18:00:00",20,11145981
"2016-02-24 18:00:00",19.95,3800000
"2016-02-25 18:00:00",20.125,6079125
"2016-02-26 18:00:00",20.35,6000000
"2016-02-29 18:00:00",20.55,1534600
"2016-03-01 18:00:00",20.75,5976000
"2016-03-02 18:00:00",20.95,7007500
"2016-03-03 18:00:00",20.9,500000
"2016-03-04 18:00:00",20.9,2000000
"2016-03-07 18:00:00",21.1,5500000
"2016-03-08 18:00:00",20.9,815800
"2016-03-09 18:00:00",20.85,35000
"2016-03-10 18:00:00",21.15,8944982
"2016-03-11 18:00:00",21,219547
"2016-03-14 18:00:00",21.2,3719047
"2016-03-15 18:00:00",21.5,5993200
"2016-03-16 18:00:00",21.45,7046000
"2016-03-17 18:00:00",21.4,1500000
"2016-03-18 18:00:00",21.6,3583000
"2016-03-21 18:00:00",21.45,574000
"2016-03-22 18:00:00",22,7813600
"2016-03-23 18:00:00",22.4,5010000
"2016-03-29 18:00:00",22.225,2949517
"2016-03-30 18:00:00",22.5,35167000
"2016-03-31 18:00:00",22.45,10230000
"2016-04-01 18:00:00",22.75,3250000
"2016-04-04 18:00:00",22.725,4966935
"2016-04-05 18:00:00",22.65,6292000
"2016-04-06 18:00:00",22.25,6070000
"2016-04-07 18:00:00",22.6,500000
"2016-04-08 18:00:00",22.525,1000000
"2016-04-11 18:00:00",22.4,476500
"2016-04-12 18:00:00",22.85,9566000
"2016-04-13 18:00:00",22.8,8035122
"2016-04-14 18:00:00",22.7,2075000
"2016-04-15 18:00:00",22.75,12231000
"2016-04-18 18:00:00",22.75,1173683
"2016-04-19 18:00:00",22.75,4500000
"2016-04-20 18:00:00",22.6,153800
"2016-04-22 18:00:00",22.6,0
"2016-04-25 18:00:00",22.6,37867
"2016-04-26 18:00:00",22.8,3095105
"2016-04-27 18:00:00",22.8,67903
"2016-04-28 18:00:00",22.7,4050000
"2016-04-29 18:00:00",22.25,1165876
"2016-05-02 18:00:00",21.8,3824100
"2016-05-03 18:00:00",22.35,5995000
"2016-05-04 18:00:00",22.5,7500000
"2016-05-06 18:00:00",22.8,11797300
"2016-05-09 18:00:00",22.8,7068114
"2016-05-10 18:00:00",22.75,1675000
"2016-05-11 18:00:00",22.7,6014000
"2016-05-12 18:00:00",22.8,912437
"2016-05-13 18:00:00",22.8,0
"2016-05-17 18:00:00",22.4,4509231
"2016-05-18 18:00:00",22.4,1500000
"2016-05-19 18:00:00",22.375,1350000
"2016-05-20 18:00:00",22.05,1580000
"2016-05-23 18:00:00",22.1,5500000
"2016-05-24 18:00:00",21.95,3000000
"2016-05-25 18:00:00",22.2,3521708
"2016-05-26 18:00:00",22,1266280
"2016-05-27 18:00:00",22.1,13916
"2016-05-30 18:00:00",22.3,600000
"2016-05-31 18:00:00",22.65,12129966
"2016-06-01 18:00:00",22.5,7318521
"2016-06-02 18:00:00",22.45,1000000
"2016-06-03 18:00:00",22.2,8756604
"2016-06-06 18:00:00",22.5,5106763
"2016-06-07 18:00:00",22.5,0
"2016-06-08 18:00:00",22.2,1667000
"2016-06-09 18:00:00",22.25,2000000
"2016-06-10 18:00:00",22.15,540000
"2016-06-13 18:00:00",22.15,0
"2016-06-14 18:00:00",22.2,35391
"2016-06-15 18:00:00",22.2,0
"2016-06-16 18:00:00",22.2,0
"2016-06-20 18:00:00",22.45,1581337
"2016-06-21 18:00:00",22.85,10208944
"2016-06-22 18:00:00",22.35,1500000
"2016-06-23 18:00:00",22.25,650000
"2016-06-24 18:00:00",21.9,1000000
"2016-06-27 18:00:00",21.2,2400000
"2016-06-28 18:00:00",21.7,3166000
"2016-06-29 18:00:00",21.75,2550600
"2016-06-30 18:00:00",21.95,2404000
"2016-07-01 18:00:00",21.95,0
"2016-07-04 18:00:00",21.95,0
"2016-07-05 18:00:00",22.4,4085132
"2016-07-06 18:00:00",22.3,2520000
"2016-07-07 18:00:00",22.25,73020
"2016-07-08 18:00:00",22.575,2600000
"2016-07-11 18:00:00",22.7,4742738
"2016-07-12 18:00:00",23.05,10888988
"2016-07-13 18:00:00",23.3,4286512
"2016-07-14 18:00:00",23.2,772000
"2016-07-15 18:00:00",23.35,38900
"2016-07-18 18:00:00",23.4,4413400
"2016-07-19 18:00:00",23,3500000
"2016-07-20 18:00:00",22.8,6070000
"2016-07-21 18:00:00",22.9,1000
"2016-07-22 18:00:00",22.65,2012000
"2016-07-25 18:00:00",22.65,0
"2016-07-26 18:00:00",22.55,516100
"2016-07-27 18:00:00",22.55,0
"2016-07-28 18:00:00",22.35,2714928
"2016-07-29 18:00:00",22.2,1617029
"2016-08-02 18:00:00",22.45,1015000
"2016-08-03 18:00:00",22.5,35000
"2016-08-04 18:00:00",22.8,1100000
"2016-08-05 18:00:00",22.65,2500000
"2016-08-08 18:00:00",22.45,5000000
"2016-08-09 18:00:00",22.2,12960000
"2016-08-10 18:00:00",22.2,0
"2016-08-11 18:00:00",22.1,1150380
"2016-08-12 18:00:00",22.35,7100000
"2016-08-15 18:00:00",22.75,14145293
"2016-08-16 18:00:00",23.05,10968952
"2016-08-17 18:00:00",23.1,20013000
"2016-08-18 18:00:00",23.15,4540000
"2016-08-19 18:00:00",22.9,1868000
"2016-08-22 18:00:00",23.1,3350000
"2016-08-23 18:00:00",23.1,845833
"2016-08-24 18:00:00",24.1,6500000
"2016-08-25 18:00:00",24.5,2528540
"2016-08-26 18:00:00",24.1,1500000
"2016-08-29 18:00:00",23.75,2332700
"2016-08-30 18:00:00",23.8,10716
"2016-08-31 18:00:00",23.9,918400
"2016-09-01 18:00:00",24.05,4290000
"2016-09-02 18:00:00",24.55,13157348
"2016-09-05 18:00:00",25.15,5821594
"2016-09-06 18:00:00",25.05,1470000
"2016-09-07 18:00:00",25.7,41126000
"2016-09-08 18:00:00",25.7,2916000
"2016-09-09 18:00:00",25.6,8633129
"2016-09-12 18:00:00",25.1,3276190
"2016-09-13 18:00:00",25.2,112897
"2016-09-14 18:00:00",24.55,11015068
"2016-09-15 18:00:00",24.25,7156753
"2016-09-16 18:00:00",24.55,73650
"2016-09-19 18:00:00",24.5,4950166
"2016-09-20 18:00:00",24.65,40500
"2016-09-21 18:00:00",24.35,2192806
"2016-09-22 18:00:00",24.5,6087500
"2016-09-23 18:00:00",24.575,5155804
"2016-09-26 18:00:00",24.35,7730081
"2016-09-27 18:00:00",24.1,2834000
"2016-09-28 18:00:00",24.85,8995964
"2016-09-29 18:00:00",24.45,2504100
"2016-09-30 18:00:00",23.9,3279122
"2016-10-03 18:00:00",24.35,15766000
"2016-10-04 18:00:00",25.075,13608100
"2016-10-05 18:00:00",25.2,9901000
"2016-10-06 18:00:00",25.35,159500
"2016-10-07 18:00:00",25.3,3032927
"2016-10-10 18:00:00",25.15,4874700
"2016-10-11 18:00:00",25.35,1725622
"2016-10-12 18:00:00",25.2,530665
"2016-10-13 18:00:00",25.05,1000000
"2016-10-14 18:00:00",24.9,1778500
"2016-10-17 18:00:00",24.75,1259257
"2016-10-18 18:00:00",24.5,3578000
"2016-10-19 18:00:00",24.75,6561700
"2016-10-20 18:00:00",24.475,3400000
"2016-10-21 18:00:00",24,4826000
"2016-10-24 18:00:00",23.75,2300000
"2016-10-25 18:00:00",23.6,6570645
"2016-10-26 18:00:00",24.05,6294000
"2016-10-27 18:00:00",23.9,137879
"2016-10-28 18:00:00",24.05,4317000
"2016-10-31 18:00:00",24.6,7998000
"2016-11-01 18:00:00",24.55,2000000
"2016-11-02 18:00:00",24.7,1126132
"2016-11-03 18:00:00",25.2,7080000
"2016-11-04 18:00:00",25.5,24073565
"2016-11-07 18:00:00",24.95,6966825
"2016-11-08 18:00:00",25,680000
"2016-11-09 18:00:00",25.25,7647450
"2016-11-10 18:00:00",25,3100000
"2016-11-11 18:00:00",25.3,22000
"2016-11-14 18:00:00",25,1000000
"2016-11-15 18:00:00",24.65,2114663
"2016-11-16 18:00:00",24.6,1535000
"2016-11-17 18:00:00",24.6,200000
"2016-11-18 18:00:00",25.05,6207200
"2016-11-21 18:00:00",25.2,3510000
"2016-11-22 18:00:00",25,900000
"2016-11-23 18:00:00",25.1,17190000
"2016-11-24 18:00:00",25.5,13564372
"2016-11-25 18:00:00",25.65,2024000
"2016-11-28 18:00:00",25.65,0
"2016-11-29 18:00:00",25.675,3193100
"2016-11-30 18:00:00",25.7,1162372
"2016-12-01 18:00:00",25.7,6012000
"2016-12-02 18:00:00",25.25,1015000
"2016-12-05 18:00:00",24.95,1064433
"2016-12-06 18:00:00",25.1,2024657
"2016-12-07 18:00:00",25.35,8138516
"2016-12-08 18:00:00",25.55,5000000
"2016-12-09 18:00:00",25.4,4756017
"2016-12-12 18:00:00",25.5,10123708
"2016-12-13 18:00:00",25.5,0
"2016-12-14 18:00:00",25.9,3343100
"2016-12-15 18:00:00",25.75,1580000
"2016-12-16 18:00:00",25.75,5524093
"2016-12-19 18:00:00",25.85,6225000
"2016-12-20 18:00:00",25.8,2860000
"2016-12-21 18:00:00",25.85,5110687
"2016-12-22 18:00:00",26.1,9690001
"2016-12-23 18:00:00",26.2,3061000
"2016-12-27 18:00:00",26.1,700000
"2016-12-28 18:00:00",26.2,3397425
"2016-12-29 18:00:00",26.2,0
"2016-12-30 18:00:00",26.2,568000
"2017-01-02 18:00:00",26.3,2741961
"2017-01-03 18:00:00",26.2,5000000
"2017-01-04 18:00:00",26.65,8044200
"2017-01-05 18:00:00",26.85,13011830
"2017-01-06 18:00:00",26.7,3837524
"2017-01-09 18:00:00",26.55,3236464
"2017-01-10 18:00:00",26.35,9000000
"2017-01-11 18:00:00",26,11876959
"2017-01-12 18:00:00",25.9,1250000
"2017-01-13 18:00:00",25.95,820563
"2017-01-16 18:00:00",25.95,1300000
"2017-01-17 18:00:00",25.475,2580000
"2017-01-18 18:00:00",25.25,6670000
"2017-01-19 18:00:00",25.85,5034558
"2017-01-20 18:00:00",25.925,5266731
"2017-01-23 18:00:00",25.95,3000000
"2017-01-24 18:00:00",26,7700
"2017-01-25 18:00:00",25.85,1155500
"2017-01-26 18:00:00",25.95,3510000
"2017-01-27 18:00:00",26.15,8300000
"2017-01-30 18:00:00",25.975,7440000
"2017-01-31 18:00:00",26,21250000
"2017-02-01 18:00:00",25.75,9028000
"2017-02-02 18:00:00",26.15,16283900
"2017-02-03 18:00:00",26.1,300104
"2017-02-06 18:00:00",26.35,101081
"2017-02-07 18:00:00",26.05,9074487
"2017-02-08 18:00:00",26.4,958597
"2017-02-09 18:00:00",26.65,8672083
"2017-02-10 18:00:00",27,3500000
"2017-02-13 18:00:00",27.35,9041676
"2017-02-14 18:00:00",27.35,2898567
"2017-02-15 18:00:00",27.65,15666500
"2017-02-16 18:00:00",27.4,3691268
"2017-02-17 18:00:00",27.2,10500000
"2017-02-20 18:00:00",27.2,3266800
"2017-02-21 18:00:00",27.25,6066157
"2017-02-22 18:00:00",27.35,5157964
"2017-02-23 18:00:00",27,2058211
"2017-02-24 18:00:00",26.85,1397687
"2017-02-27 18:00:00",26.75,2555476
"2017-02-28 18:00:00",27.45,4477750
"2017-03-01 18:00:00",27.6,1000100
"2017-03-02 18:00:00",27.5,72670
"2017-03-03 18:00:00",27.5,96954
"2017-03-06 18:00:00",27.6,525000
"2017-03-07 18:00:00",27.9,690000
"2017-03-08 18:00:00",27.9,1520700
"2017-03-09 18:00:00",27.9,520000
"2017-03-10 18:00:00",27.55,1210000
"2017-03-13 18:00:00",27.75,7752500
"2017-03-14 18:00:00",28.25,26850466
"2017-03-15 18:00:00",28.9,11496412
"2017-03-16 18:00:00",28.7,506829
"2017-03-17 18:00:00",29.55,7901765
"2017-03-20 18:00:00",29.45,14039200
"2017-03-21 18:00:00",29.15,17917760
"2017-03-22 18:00:00",28.3,3900000
"2017-03-23 18:00:00",28.225,7531915
"2017-03-24 18:00:00",27.95,2518516
"2017-03-27 18:00:00",27.8,23758
"2017-03-28 18:00:00",27.9,13422744
"2017-03-29 18:00:00",27.975,94000
"2017-03-30 18:00:00",27.65,2912906
"2017-03-31 18:00:00",27.6,4961000
"2017-04-03 18:00:00",27.3,6092694
"2017-04-04 18:00:00",27.7,14925000
"2017-04-05 18:00:00",27.8,1755423
"2017-04-06 18:00:00",27.95,4003500
"2017-04-07 18:00:00",27.8,1800000
"2017-04-10 18:00:00",28,996647
"2017-04-11 18:00:00",28,0
"2017-04-12 18:00:00",27.8,585900
"2017-04-18 18:00:00",28.1,106572
"2017-04-19 18:00:00",28,1553457
"2017-04-21 18:00:00",28.35,3470000
"2017-04-24 18:00:00",28.5,28283198
"2017-04-25 18:00:00",28.5,5600000
"2017-04-26 18:00:00",28.875,7429971
"2017-04-27 18:00:00",28.45,6101000
"2017-04-28 18:00:00",28.5,3805350
"2017-05-02 18:00:00",28.35,1980000
"2017-05-03 18:00:00",28.8,3073045
"2017-05-04 18:00:00",29.175,11670848
"2017-05-05 18:00:00",29.6,9464000
"2017-05-08 18:00:00",29.8,2098000
"2017-05-09 18:00:00",30,6100000
"2017-05-10 18:00:00",29.75,15616550
"2017-05-11 18:00:00",29.4,12051600
"2017-05-12 18:00:00",29.5,5561600
"2017-05-15 18:00:00",29.75,5731915
"2017-05-16 18:00:00",29.35,3259700
"2017-05-17 18:00:00",30.1,11243266
"2017-05-18 18:00:00",29.9,3000000
"2017-05-19 18:00:00",29.95,4545185
"2017-05-22 18:00:00",29.95,4732178
"2017-05-23 18:00:00",30,528796
"2017-05-24 18:00:00",29.5,5820000
"2017-05-26 18:00:00",29.25,723000
"2017-05-29 18:00:00",29.7,7316835
"2017-05-30 18:00:00",29.3,12744127
"2017-05-31 18:00:00",28.825,16814140
"2017-06-01 18:00:00",29.3,9504985
"2017-06-02 18:00:00",29,4729535
"2017-06-06 18:00:00",29,2500000
"2017-06-07 18:00:00",29.05,3069500
"2017-06-08 18:00:00",29.55,5534000
"2017-06-09 18:00:00",29.6,102000